Contaminant Level (ppm),Turbidity (NTU),Dissolved Oxygen (mg/L),Nitrate Level (mg/L),Temperature (°C),Naegleria_Risk,Water Source Type_Pond,Water Source Type_River,Water Source Type_Spring,Water Source Type_Tap,Water Source Type_Well
6.06,3.93,4.28,8.28,4.94,0,False,False,False,False,False
5.24,4.79,3.86,15.74,16.93,0,False,False,False,False,True
0.24,0.79,3.42,36.67,21.73,0,True,False,False,False,False
7.91,1.96,3.12,36.92,3.79,0,False,False,False,False,True
0.12,4.22,9.15,49.35,31.44,0,False,False,False,False,True
2.93,4.03,8.66,31.35,8.01,0,False,False,False,True,False
0.06,3.12,6.97,44.98,22.42,0,False,True,False,False,False
3.76,1.35,9.99,2.73,19.64,0,False,False,True,False,False
0.63,1.42,9.67,28.31,36.23,0,False,False,False,False,True
9.14,0.62,7.59,45.99,35.73,1,False,False,False,False,True
4.16,4.61,6.25,14.36,9.54,0,False,False,False,False,True
4.59,0.86,4.07,7.74,21.54,0,False,True,False,False,False
3.5,2.86,6.61,17.53,39.42,0,True,False,False,False,False
6.28,2.92,4.1,39.61,13.27,0,False,False,False,False,False
7.84,1.85,5.79,4.24,2.95,0,False,False,False,True,False
6.48,1.76,9.6,30.02,28.72,0,False,True,False,False,False
7.48,3.34,5.39,6.78,20.13,0,True,False,False,False,False
9.06,1.94,4.07,21.78,37.59,1,False,False,False,False,True
8.64,1.28,7.08,48.3,23.01,0,True,False,False,False,False
6.74,2.0,7.22,9.76,20.46,0,False,True,False,False,False
2.15,4.04,4.36,1.7,36.59,0,False,True,False,False,False
6.38,4.83,4.38,21.36,15.22,0,False,True,False,False,False
5.06,3.18,9.93,28.88,23.9,0,False,False,False,False,False
7.17,3.91,4.7,14.88,33.83,0,False,False,True,False,False
8.33,2.66,8.87,27.09,23.9,0,False,False,False,True,False
7.43,3.12,6.29,47.67,11.91,0,False,False,False,False,False
8.47,4.94,6.04,15.59,22.33,0,False,False,False,False,False
0.64,2.19,5.06,15.47,17.28,0,False,False,True,False,False
0.32,0.33,8.42,24.14,39.39,0,False,False,False,False,False
2.59,4.79,9.16,25.77,2.04,0,False,True,False,False,False
9.01,3.97,4.83,0.07,30.72,0,False,True,False,False,False
8.24,1.99,3.67,30.79,0.96,0,True,False,False,False,False
6.83,4.91,3.96,49.87,24.16,0,False,False,False,False,True
7.01,1.73,8.55,14.6,17.24,0,False,False,False,False,False
7.27,1.86,6.05,31.54,36.42,1,False,False,False,False,True
9.43,3.05,3.92,0.23,21.57,0,False,False,False,True,False
8.32,1.37,5.38,30.22,33.09,0,False,True,False,False,False
6.23,3.49,6.6,22.35,26.89,0,True,False,False,False,False
6.66,0.76,8.96,26.51,17.88,0,False,False,False,True,False
2.14,0.54,7.49,27.2,13.51,0,True,False,False,False,False
6.57,2.67,4.23,8.85,4.68,0,False,False,True,False,False
4.25,2.78,4.11,38.5,0.54,0,False,True,False,False,False
1.53,0.53,5.89,27.77,0.06,0,False,False,False,True,False
8.06,4.82,3.53,13.51,9.04,0,False,False,True,False,False
5.1,2.87,8.29,46.87,22.44,0,False,False,False,True,False
9.77,0.76,5.81,0.64,39.02,1,True,False,False,False,False
2.82,1.56,5.4,36.3,28.21,0,False,False,True,False,False
4.81,4.0,6.56,19.06,2.83,0,False,False,True,False,False
4.48,2.62,7.96,26.13,25.81,0,False,True,False,False,False
1.21,0.94,6.99,14.58,19.42,0,False,False,False,False,True
4.26,0.51,8.62,16.06,25.45,0,True,False,False,False,False
2.88,2.15,7.41,0.76,24.93,0,True,False,False,False,False
1.6,1.69,8.52,36.49,5.76,0,False,False,True,False,False
2.82,3.28,7.88,35.54,36.78,0,False,False,True,False,False
2.33,4.63,4.35,32.72,22.18,0,False,True,False,False,False
7.34,1.24,3.37,43.9,28.03,0,False,False,False,False,True
0.31,4.28,9.32,45.06,15.48,0,True,False,False,False,False
6.17,4.6,9.62,27.82,4.89,0,False,False,False,False,False
7.61,4.51,8.09,34.24,27.64,0,False,False,False,False,False
4.81,4.76,8.07,0.55,37.7,0,False,False,False,False,True
9.32,4.21,4.89,42.32,23.25,0,False,False,False,True,False
7.08,2.97,6.8,40.82,7.95,0,False,True,False,False,False
7.48,2.05,9.95,1.01,24.93,0,False,False,False,False,True
1.97,2.46,8.99,27.14,17.16,0,False,False,False,False,False
7.77,4.36,5.13,45.33,15.96,0,False,False,True,False,False
8.32,1.51,5.11,9.07,36.54,1,False,False,False,False,False
3.61,0.8,6.39,17.63,29.48,0,False,False,True,False,False
2.13,0.7,5.83,16.55,20.35,0,False,True,False,False,False
3.85,4.13,5.6,17.8,16.7,0,False,False,True,False,False
7.4,3.81,7.39,2.09,9.72,0,False,False,False,False,True
4.18,2.49,3.08,13.95,13.74,0,False,False,True,False,False
7.37,1.37,8.34,14.74,21.62,0,False,False,False,True,False
1.14,3.39,8.18,43.29,1.93,0,False,False,False,False,True
8.06,0.19,8.81,17.61,14.3,0,False,True,False,False,False
2.53,2.84,8.89,22.36,19.76,0,False,False,False,False,True
2.49,1.99,6.96,19.04,24.33,0,False,False,False,True,False
5.9,4.89,8.46,6.03,29.72,0,False,True,False,False,False
0.7,2.54,6.45,49.52,0.55,0,False,False,False,False,False
0.26,2.76,9.66,41.29,11.79,0,False,False,False,True,False
2.61,3.56,4.33,27.05,10.44,0,False,True,False,False,False
5.38,2.42,9.41,23.82,20.85,0,False,False,True,False,False
9.08,1.12,4.81,32.46,18.64,0,False,False,False,False,True
8.46,2.69,3.72,16.32,3.2,0,False,True,False,False,False
4.9,4.72,6.07,2.51,30.45,0,False,False,False,False,True
0.37,2.05,7.3,20.22,27.49,0,False,False,True,False,False
5.35,3.4,4.62,49.2,32.85,0,False,True,False,False,False
7.05,4.89,6.89,9.12,4.44,0,False,False,False,False,False
3.39,4.15,8.66,26.39,20.25,0,False,False,False,True,False
1.11,3.3,4.8,0.43,24.15,0,False,True,False,False,False
2.79,3.68,7.06,6.1,1.96,0,False,False,True,False,False
7.72,4.68,5.38,29.36,38.38,0,False,True,False,False,False
3.51,4.8,6.71,14.87,31.78,0,False,False,False,False,True
8.12,4.84,7.67,45.28,9.75,0,True,False,False,False,False
3.2,3.13,5.45,20.31,25.15,0,False,True,False,False,False
1.64,1.92,9.96,10.4,5.74,0,False,False,False,False,False
4.36,0.67,6.95,27.28,34.93,0,False,True,False,False,False
4.52,1.93,8.77,39.75,3.93,0,False,False,False,True,False
0.16,4.71,8.08,0.97,36.16,0,False,True,False,False,False
1.17,4.45,8.97,25.28,33.11,0,True,False,False,False,False
1.85,2.62,4.22,38.67,19.13,0,False,False,False,False,True
1.14,2.69,4.56,5.18,26.1,0,False,True,False,False,False
3.42,1.54,6.41,45.14,9.83,0,False,False,False,False,False
9.65,2.27,8.97,13.23,15.37,0,False,False,True,False,False
5.09,3.57,4.38,8.53,8.7,0,False,True,False,False,False
6.28,2.01,9.8,29.46,21.1,0,False,True,False,False,False
3.56,0.94,3.89,8.75,12.75,0,False,False,False,True,False
3.23,2.7,4.23,33.99,14.06,0,False,False,False,False,False
0.23,1.13,4.17,24.51,17.71,0,True,False,False,False,False
5.0,4.87,7.1,5.5,34.9,0,False,False,True,False,False
4.84,1.95,9.42,45.62,21.94,0,False,False,False,False,True
1.58,4.55,4.79,33.66,32.26,0,False,True,False,False,False
7.64,1.13,6.87,27.3,33.94,0,True,False,False,False,False
4.93,0.95,4.23,18.72,9.82,0,False,False,True,False,False
3.39,3.08,7.42,6.74,31.11,0,False,False,False,False,True
1.47,3.9,3.86,35.38,25.95,0,True,False,False,False,False
5.52,2.83,6.44,40.68,20.3,0,False,False,False,False,False
7.53,1.15,7.59,6.29,3.55,0,False,False,False,False,False
2.82,0.19,7.05,24.73,22.89,0,False,False,True,False,False
2.19,3.09,3.98,24.24,6.22,0,False,False,False,False,True
5.22,0.66,4.13,17.5,32.65,0,False,False,False,False,False
1.55,1.72,7.7,39.47,37.38,0,False,False,True,False,False
6.67,3.38,8.66,4.98,19.12,0,False,False,False,False,False
6.05,0.49,9.36,10.25,17.62,0,False,False,False,False,False
0.87,0.64,8.7,0.08,19.55,0,True,False,False,False,False
0.37,0.31,9.82,18.65,2.69,0,True,False,False,False,False
6.2,4.98,5.86,14.56,9.48,0,False,False,False,False,False
2.94,1.94,5.32,43.35,37.62,0,False,False,False,True,False
0.86,4.53,3.2,37.29,13.8,0,True,False,False,False,False
7.59,1.47,6.15,4.22,23.65,0,False,False,False,False,True
3.14,3.77,7.56,37.05,25.97,0,False,False,True,False,False
4.6,1.1,8.71,33.77,35.09,0,False,False,True,False,False
2.37,2.49,4.87,14.09,9.53,0,False,False,False,False,True
6.27,4.12,6.6,0.77,35.61,1,False,False,False,False,True
3.01,4.08,7.63,5.76,15.67,0,False,False,False,False,True
9.68,3.97,6.86,12.5,36.87,1,False,False,False,False,True
7.03,4.12,4.92,40.83,16.45,0,False,True,False,False,False
1.37,1.06,8.57,23.27,4.16,0,False,False,True,False,False
4.17,2.41,4.21,45.92,2.08,0,False,True,False,False,False
3.85,2.42,9.33,39.46,38.69,0,False,False,False,False,False
5.34,4.45,9.67,14.36,4.85,0,False,False,False,False,False
8.42,1.48,5.56,42.27,21.65,0,False,False,True,False,False
5.83,4.66,5.63,5.84,21.08,0,False,False,False,False,False
0.62,2.25,8.2,1.81,16.05,0,False,False,False,False,True
6.55,3.35,6.19,30.43,16.72,0,False,True,False,False,False
0.08,1.34,3.2,17.09,19.03,0,False,False,False,False,True
7.8,2.05,9.44,16.47,3.98,0,False,False,False,False,False
6.67,3.55,6.02,34.36,31.64,0,True,False,False,False,False
3.09,2.56,4.42,42.51,15.08,0,False,True,False,False,False
2.92,4.65,6.89,16.11,9.78,0,False,False,False,False,True
7.98,3.69,4.53,16.25,12.73,0,False,False,True,False,False
7.83,2.82,4.44,26.69,24.47,0,False,False,False,False,True
3.52,4.43,6.82,32.66,31.0,0,True,False,False,False,False
2.99,3.33,5.74,10.15,6.14,0,False,False,False,False,False
5.6,3.24,7.01,45.63,23.7,0,False,True,False,False,False
0.08,1.23,9.98,32.72,16.9,0,False,False,True,False,False
0.83,1.97,9.01,31.26,34.48,0,False,True,False,False,False
1.26,3.42,3.05,45.21,37.97,0,False,False,True,False,False
1.85,4.46,3.35,45.36,27.14,0,False,True,False,False,False
5.12,1.58,7.27,6.78,23.59,0,False,False,False,False,False
9.92,1.08,7.38,7.25,31.21,0,False,False,True,False,False
6.53,2.97,9.15,38.1,19.83,0,False,False,False,True,False
0.61,0.34,7.4,47.84,2.21,0,False,True,False,False,False
5.26,3.57,4.59,33.33,28.04,0,False,True,False,False,False
4.97,3.52,6.28,20.57,23.22,0,False,False,False,False,True
1.44,1.77,8.66,34.17,6.06,0,False,False,True,False,False
9.2,4.46,9.46,11.44,8.52,0,True,False,False,False,False
4.41,2.51,4.66,49.9,9.23,0,False,False,False,True,False
9.95,3.23,6.78,21.55,29.3,0,False,False,False,False,False
4.2,1.05,4.11,46.58,20.73,0,False,False,False,False,True
6.08,2.09,6.48,21.54,1.92,0,False,False,False,True,False
1.05,4.31,3.63,46.41,33.52,0,False,False,True,False,False
4.54,1.06,9.59,16.78,25.8,0,False,False,False,True,False
2.39,1.95,7.47,38.03,29.33,0,False,True,False,False,False
8.36,1.59,8.98,47.55,37.5,0,False,True,False,False,False
7.84,0.76,9.99,32.3,10.41,0,False,False,False,False,True
8.24,1.45,4.28,33.88,23.58,0,False,False,True,False,False
7.24,1.16,7.86,5.14,30.41,0,False,False,True,False,False
8.33,4.62,9.21,23.71,20.51,0,False,False,False,True,False
2.01,3.71,7.03,44.34,19.44,0,False,False,False,False,True
4.52,1.58,7.48,12.05,37.15,0,False,False,True,False,False
6.92,3.82,5.85,39.42,9.74,0,True,False,False,False,False
6.37,0.11,7.72,33.79,26.12,0,True,False,False,False,False
7.16,2.63,5.77,11.15,38.81,0,False,True,False,False,False
2.24,1.25,6.34,14.14,8.8,0,False,False,False,True,False
0.98,0.57,3.72,21.38,18.5,0,False,False,False,False,False
9.17,4.42,3.05,6.26,39.02,0,False,True,False,False,False
5.6,1.0,3.39,45.67,1.43,0,False,False,False,False,True
1.54,4.11,4.35,36.97,25.19,0,False,False,True,False,False
7.93,2.07,6.2,18.25,16.18,0,False,True,False,False,False
9.15,0.07,3.15,14.98,30.84,0,False,False,False,False,False
1.7,3.66,4.09,34.48,12.93,0,False,False,False,False,False
8.17,2.98,8.47,21.21,14.92,0,True,False,False,False,False
9.33,1.72,8.34,11.47,20.63,0,False,False,False,False,True
9.38,1.41,8.53,21.51,13.84,0,False,True,False,False,False
9.14,0.37,9.45,43.56,10.38,0,False,False,False,True,False
5.46,4.71,3.83,3.43,14.21,0,False,True,False,False,False
3.56,2.47,4.14,18.42,36.32,0,True,False,False,False,False
0.07,0.43,5.33,48.12,13.71,0,False,False,False,False,False
0.61,4.34,9.41,0.74,35.98,0,False,False,False,False,True
4.29,1.39,8.43,44.53,8.2,0,False,False,False,False,True
3.99,1.02,5.27,18.74,26.89,0,False,False,False,True,False
1.85,1.4,3.61,9.48,29.8,0,False,False,False,False,True
3.95,2.82,7.31,0.75,4.45,0,True,False,False,False,False
1.75,0.37,4.8,3.53,21.76,0,True,False,False,False,False
8.49,2.41,6.72,8.59,0.52,0,True,False,False,False,False
2.98,4.48,9.59,1.27,37.13,0,False,False,False,False,True
5.99,0.94,7.01,16.79,20.97,0,False,False,False,False,True
5.03,1.66,9.47,2.24,1.47,0,True,False,False,False,False
0.52,1.98,5.75,34.61,27.33,0,False,False,False,False,True
9.42,2.93,7.43,40.95,35.43,1,False,False,False,False,True
5.27,4.6,9.26,44.37,29.5,0,False,False,False,False,False
3.25,1.97,7.12,27.46,5.35,0,False,True,False,False,False
1.58,0.35,7.3,47.33,21.6,0,False,False,True,False,False
3.39,1.74,8.01,0.28,29.32,0,False,False,False,False,True
0.21,0.95,9.17,6.7,32.02,0,False,False,True,False,False
3.64,3.26,3.62,14.66,0.64,0,False,False,True,False,False
5.31,0.15,5.36,39.45,11.35,0,False,False,False,False,False
8.72,1.46,5.78,44.27,35.39,1,False,False,False,False,True
6.87,2.73,9.37,30.91,10.34,0,True,False,False,False,False
1.12,1.39,9.69,19.16,18.9,0,False,False,True,False,False
1.48,2.75,3.84,33.29,27.87,0,False,False,False,False,True
4.28,0.57,3.83,9.04,39.42,0,False,False,False,True,False
1.96,4.71,9.54,22.89,17.03,0,True,False,False,False,False
0.28,1.45,5.07,25.38,20.15,0,False,False,False,True,False
8.05,4.62,4.69,5.24,22.35,0,False,False,False,True,False
0.2,1.63,3.25,1.69,9.37,0,False,False,True,False,False
8.31,3.91,4.93,37.51,14.75,0,False,False,False,True,False
1.44,1.23,7.85,26.74,17.38,0,False,False,False,False,False
9.75,3.35,5.98,16.61,0.77,0,False,False,False,False,False
6.04,1.62,6.62,21.86,0.3,0,False,False,True,False,False
7.35,2.55,9.42,47.89,8.97,0,False,False,False,False,True
1.1,3.37,3.8,19.25,20.49,0,False,True,False,False,False
8.62,2.94,3.5,5.17,38.23,1,False,False,False,False,True
8.39,2.88,8.96,23.18,38.9,1,False,False,False,False,True
6.53,0.33,8.42,32.4,25.89,0,False,False,False,False,True
5.02,1.25,4.85,0.61,33.08,0,False,False,False,False,True
7.21,2.86,5.27,16.62,36.03,1,True,False,False,False,False
0.06,0.09,5.17,19.68,33.57,0,False,True,False,False,False
5.92,1.25,7.53,23.19,21.75,0,True,False,False,False,False
8.47,1.15,3.43,15.08,28.17,0,False,False,False,True,False
3.57,1.25,6.43,33.35,0.15,0,False,False,False,False,True
1.08,2.68,3.94,47.24,25.92,0,False,False,False,False,False
4.21,2.91,8.74,45.7,17.03,0,False,False,True,False,False
7.27,4.54,5.66,33.22,25.79,0,False,False,True,False,False
1.07,1.93,6.69,25.34,27.78,0,True,False,False,False,False
2.06,4.63,3.21,41.29,3.92,0,True,False,False,False,False
1.48,3.26,3.41,41.8,34.98,0,False,False,False,False,False
7.97,4.56,7.73,41.48,7.03,0,False,False,False,False,True
0.63,4.17,8.37,7.89,0.42,0,False,True,False,False,False
6.87,3.44,7.97,1.27,17.19,0,False,False,False,True,False
3.66,1.78,8.16,49.16,3.59,0,False,False,True,False,False
7.56,1.21,3.73,47.98,38.24,0,False,False,False,True,False
9.64,1.11,7.85,28.22,11.35,0,False,True,False,False,False
1.15,4.76,4.27,49.65,8.94,0,True,False,False,False,False
3.14,4.79,3.69,38.53,10.48,0,False,False,True,False,False
8.1,3.62,8.3,25.87,11.33,0,False,False,False,True,False
2.66,4.42,9.23,19.47,2.5,0,True,False,False,False,False
2.15,4.59,8.02,29.64,21.6,0,False,True,False,False,False
8.25,2.56,8.64,25.79,0.72,0,False,False,False,True,False
9.87,3.15,9.94,49.69,29.87,0,False,False,False,False,True
5.57,2.09,3.94,24.52,30.71,0,True,False,False,False,False
2.78,2.09,9.76,41.8,15.99,0,False,True,False,False,False
3.99,0.19,7.21,40.68,38.83,0,False,False,False,True,False
1.7,2.17,8.69,3.57,31.27,0,False,False,False,False,True
7.62,3.37,7.55,4.35,4.92,0,False,False,False,False,True
7.73,2.11,6.99,32.99,39.19,0,False,True,False,False,False
8.75,4.36,7.93,12.96,33.8,0,False,False,False,False,False
0.27,1.66,5.24,32.88,28.16,0,False,False,True,False,False
5.62,0.66,9.47,7.23,26.14,0,False,True,False,False,False
2.14,4.06,3.81,19.85,24.19,0,False,False,False,False,True
3.41,3.37,5.23,5.12,39.61,0,False,False,False,False,True
7.85,1.21,3.22,14.1,19.14,0,False,True,False,False,False
1.92,2.68,4.9,4.41,6.63,0,False,False,False,False,False
6.38,2.01,4.53,48.53,11.78,0,False,False,True,False,False
6.55,4.69,3.35,19.75,15.01,0,False,False,False,True,False
9.54,3.04,6.44,45.06,12.66,0,False,True,False,False,False
7.75,0.79,6.28,48.56,1.21,0,False,False,True,False,False
8.04,2.51,3.54,45.48,2.95,0,False,False,True,False,False
5.32,4.31,4.83,22.75,0.2,0,True,False,False,False,False
1.87,3.36,9.67,38.94,27.16,0,False,False,False,False,True
4.26,4.21,3.78,7.68,26.58,0,False,False,False,True,False
5.49,1.25,5.14,4.74,2.73,0,False,True,False,False,False
6.78,4.44,3.25,43.85,12.61,0,False,False,False,False,True
6.08,3.78,4.04,1.56,11.32,0,True,False,False,False,False
3.94,3.64,7.9,48.62,18.14,0,True,False,False,False,False
2.65,1.73,5.57,33.61,14.35,0,False,False,False,False,True
1.68,4.44,6.16,20.98,32.82,0,False,False,False,False,False
6.94,3.19,4.1,7.07,35.31,0,False,False,True,False,False
6.45,4.26,7.77,36.16,8.24,0,False,True,False,False,False
6.87,1.8,8.26,28.16,4.84,0,False,True,False,False,False
3.73,0.73,4.27,35.56,33.57,0,False,True,False,False,False
2.62,1.66,3.31,20.9,20.06,0,False,False,False,False,True
7.6,2.28,3.57,3.31,12.97,0,False,False,False,False,False
7.74,2.67,7.6,15.75,2.06,0,False,False,False,True,False
4.56,2.55,3.95,15.75,24.24,0,True,False,False,False,False
6.12,2.73,6.46,0.43,8.31,0,False,False,False,False,True
3.74,4.21,4.07,0.48,1.51,0,False,False,False,True,False
7.02,0.85,4.19,16.54,17.79,0,True,False,False,False,False
8.36,1.58,3.03,36.38,23.89,0,True,False,False,False,False
6.88,4.44,5.25,31.2,6.86,0,False,False,False,False,False
5.13,2.8,3.63,11.95,26.06,0,False,False,True,False,False
4.59,2.92,5.76,30.14,7.56,0,False,True,False,False,False
6.42,2.39,7.18,32.37,0.83,0,False,False,False,True,False
6.8,2.74,5.57,26.13,5.96,0,False,False,False,False,True
5.59,0.99,7.94,26.07,23.48,0,False,False,False,True,False
6.25,2.73,8.19,18.49,25.41,0,False,False,True,False,False
0.97,4.99,7.88,6.17,34.59,0,False,True,False,False,False
9.52,2.83,9.56,19.27,2.5,0,False,False,False,True,False
7.91,0.22,4.66,17.27,38.12,0,False,False,True,False,False
3.74,3.98,4.33,29.6,20.88,0,False,False,False,False,True
5.63,1.98,7.27,42.81,9.82,0,False,False,False,False,False
0.47,0.77,7.16,18.77,14.62,0,True,False,False,False,False
0.41,4.31,6.57,35.49,2.23,0,False,False,False,False,True
2.51,0.99,3.03,40.59,4.4,0,False,True,False,False,False
6.9,4.6,6.89,10.59,35.3,1,True,False,False,False,False
8.52,2.21,9.53,45.08,4.24,0,False,False,False,False,True
5.59,3.71,5.34,3.52,2.23,0,False,False,False,False,True
5.32,2.73,9.77,45.09,23.93,0,False,False,False,False,True
4.02,1.28,5.5,8.18,15.31,0,False,False,False,False,True
1.62,3.36,3.98,16.86,16.24,0,True,False,False,False,False
1.18,4.79,5.79,30.26,4.81,0,False,True,False,False,False
7.61,3.85,6.46,45.28,1.77,0,False,False,True,False,False
9.28,3.02,7.41,12.79,34.63,0,False,False,False,True,False
4.58,4.95,6.53,38.18,15.58,0,False,False,False,False,False
6.59,1.33,6.76,35.52,4.4,0,False,False,False,True,False
9.14,0.31,3.17,7.99,8.01,0,False,False,False,True,False
0.9,0.16,4.78,23.97,4.12,0,False,False,False,False,False
7.7,3.55,5.17,24.08,19.12,0,True,False,False,False,False
6.17,4.15,9.91,15.23,32.14,0,False,True,False,False,False
5.99,3.18,5.07,39.0,15.74,0,False,False,False,False,False
2.93,4.53,9.28,46.3,24.8,0,False,True,False,False,False
6.84,3.49,5.13,35.83,27.02,0,True,False,False,False,False
7.95,1.85,3.67,48.65,28.48,0,False,False,False,True,False
1.13,0.91,4.73,2.52,24.22,0,False,True,False,False,False
5.34,4.62,4.91,1.86,22.16,0,True,False,False,False,False
1.01,0.52,9.85,44.69,19.14,0,True,False,False,False,False
8.73,2.71,7.72,44.89,18.94,0,False,False,True,False,False
5.08,1.57,9.52,5.36,13.32,0,False,False,False,False,False
8.08,1.36,8.84,17.87,20.18,0,False,False,True,False,False
3.68,3.23,7.05,41.77,19.16,0,False,False,False,True,False
1.25,1.16,7.73,6.43,12.78,0,False,False,False,False,False
0.41,4.58,7.37,13.37,12.05,0,False,False,False,True,False
2.82,2.03,7.66,34.05,17.84,0,False,False,True,False,False
2.44,3.39,4.85,49.09,32.12,0,True,False,False,False,False
5.6,3.64,5.86,39.86,9.91,0,False,False,False,True,False
0.22,3.41,7.15,38.87,33.82,0,False,False,False,False,False
5.21,4.52,3.25,17.13,28.96,0,False,False,False,False,False
3.92,1.16,6.38,33.07,10.48,0,False,False,False,True,False
5.77,0.43,9.02,5.65,0.55,0,False,False,False,False,False
7.02,0.28,6.45,49.61,3.07,0,True,False,False,False,False
6.34,4.39,6.87,24.03,35.31,1,True,False,False,False,False
9.85,4.87,4.41,31.94,32.28,0,False,False,False,False,False
1.38,1.51,8.56,43.81,15.18,0,False,False,False,True,False
4.3,3.47,5.51,0.05,2.47,0,False,False,True,False,False
4.25,0.04,9.7,48.8,32.45,0,False,False,False,False,False
4.17,0.94,9.96,17.96,10.21,0,False,False,False,False,False
6.64,3.45,9.41,16.98,38.12,1,False,False,False,False,False
4.9,0.33,3.59,7.25,20.92,0,False,False,False,False,False
5.17,2.34,5.33,42.91,28.61,0,False,False,False,True,False
4.32,3.31,9.62,43.54,18.47,0,False,False,True,False,False
9.92,3.83,8.63,1.0,1.11,0,False,False,True,False,False
9.28,2.27,9.38,2.79,2.53,0,False,True,False,False,False
3.08,3.15,7.01,45.92,39.04,0,False,False,False,False,False
1.12,2.7,6.36,6.14,16.49,0,False,False,False,False,False
8.4,0.26,3.75,31.05,7.33,0,False,True,False,False,False
9.97,3.71,8.88,30.98,28.81,0,False,False,True,False,False
2.93,0.86,8.22,43.49,35.29,0,False,False,False,False,True
3.58,0.16,3.41,28.63,10.68,0,True,False,False,False,False
9.42,2.26,4.47,21.7,22.84,0,False,False,False,False,True
7.11,4.33,6.9,48.72,9.82,0,False,False,True,False,False
2.96,0.75,7.79,11.44,32.9,0,False,False,False,False,False
5.81,0.06,3.96,13.14,3.47,0,False,False,False,False,True
9.44,0.55,4.71,4.24,14.9,0,False,False,False,True,False
8.12,1.82,4.35,48.77,15.2,0,False,False,False,True,False
7.42,2.9,4.54,35.32,25.48,0,False,True,False,False,False
7.37,0.97,9.44,0.6,7.13,0,False,False,True,False,False
1.78,4.01,8.01,35.22,19.0,0,False,False,True,False,False
8.25,3.77,8.16,20.21,22.08,0,False,False,False,False,True
2.76,3.48,8.56,48.38,35.64,0,False,False,False,False,False
9.3,2.44,5.5,13.87,21.07,0,False,False,True,False,False
3.65,1.83,8.37,35.51,5.28,0,False,False,False,False,True
8.58,1.88,9.85,31.37,4.05,0,False,False,False,False,True
2.66,2.52,7.89,0.6,36.97,0,True,False,False,False,False
5.15,0.39,5.92,44.26,39.19,1,True,False,False,False,False
1.07,3.41,8.01,6.98,6.68,0,False,False,True,False,False
6.6,1.76,9.31,33.18,30.05,0,False,False,False,False,True
8.36,1.12,3.9,38.78,10.03,0,False,True,False,False,False
7.18,1.39,4.86,31.55,33.32,0,False,True,False,False,False
5.23,0.9,9.44,4.86,3.86,0,True,False,False,False,False
0.45,4.51,9.62,48.76,17.48,0,False,False,True,False,False
9.33,0.85,6.39,11.84,23.84,0,False,False,False,False,False
7.05,4.41,5.62,31.39,34.1,0,False,True,False,False,False
7.46,2.86,4.98,39.86,34.27,0,False,True,False,False,False
7.95,4.34,6.49,46.96,7.37,0,True,False,False,False,False
7.48,2.37,9.54,30.2,38.68,1,True,False,False,False,False
4.41,4.64,4.05,12.95,25.54,0,False,False,True,False,False
7.34,1.06,5.94,41.83,26.35,0,True,False,False,False,False
6.25,2.77,9.38,8.16,35.56,0,False,False,False,True,False
8.54,0.63,5.44,1.11,12.81,0,False,False,False,False,True
8.02,2.24,8.38,45.41,16.61,0,False,True,False,False,False
0.41,2.85,5.72,28.77,39.4,0,False,False,False,True,False
3.79,3.03,8.63,3.48,0.66,0,False,False,False,False,False
0.35,1.83,9.87,28.99,34.69,0,False,False,False,True,False
1.02,0.38,5.71,7.25,33.7,0,False,False,True,False,False
6.01,3.28,8.92,1.57,10.5,0,False,False,False,False,False
8.74,2.44,9.92,5.83,32.87,0,False,False,False,False,False
1.2,0.68,9.89,38.76,13.21,0,True,False,False,False,False
4.51,4.68,6.04,37.78,25.16,0,False,False,False,True,False
9.11,4.78,6.4,30.22,17.88,0,False,False,True,False,False
8.14,4.28,5.12,10.47,4.05,0,False,True,False,False,False
5.2,4.22,5.2,36.95,35.81,1,True,False,False,False,False
7.72,0.49,6.45,20.4,21.81,0,False,False,False,True,False
5.23,4.97,4.4,25.54,19.27,0,False,True,False,False,False
1.58,2.0,7.98,44.88,35.18,0,False,False,False,True,False
1.25,0.82,6.75,22.89,13.12,0,True,False,False,False,False
1.88,4.06,9.29,31.32,22.81,0,False,True,False,False,False
3.51,1.13,8.67,48.09,35.29,0,True,False,False,False,False
9.31,2.63,5.26,22.57,13.72,0,False,False,False,True,False
8.0,0.64,6.54,28.04,31.74,0,False,False,False,False,False
4.33,2.37,8.25,29.22,20.57,0,False,False,False,False,True
4.93,2.79,4.35,12.04,6.31,0,False,False,False,False,False
2.66,2.23,3.22,36.85,1.62,0,True,False,False,False,False
7.04,0.35,8.97,36.33,29.07,0,True,False,False,False,False
8.03,2.42,3.96,10.68,10.48,0,True,False,False,False,False
2.39,2.34,9.23,0.67,32.63,0,False,True,False,False,False
0.42,1.31,9.4,49.95,7.56,0,False,False,True,False,False
6.24,4.61,6.22,29.08,22.71,0,True,False,False,False,False
5.63,2.09,8.65,9.05,3.74,0,False,False,False,False,False
4.02,4.32,5.54,14.18,29.43,0,False,False,False,False,True
6.44,0.55,9.01,30.89,30.63,0,True,False,False,False,False
5.51,1.59,8.77,6.88,36.66,1,True,False,False,False,False
2.51,0.88,3.55,1.86,22.45,0,True,False,False,False,False
3.98,2.04,7.08,39.92,4.26,0,False,True,False,False,False
4.28,0.56,7.48,35.79,33.11,0,True,False,False,False,False
8.8,2.21,3.01,15.48,12.56,0,False,False,False,False,False
9.61,1.77,9.86,2.92,35.98,0,False,False,False,True,False
8.93,1.12,5.85,24.31,39.11,0,False,False,True,False,False
7.19,3.21,6.62,13.81,5.3,0,True,False,False,False,False
5.85,4.75,4.36,19.89,3.32,0,False,True,False,False,False
6.89,1.04,7.28,13.7,35.9,1,False,False,False,False,False
9.39,3.56,8.67,8.76,35.96,1,True,False,False,False,False
2.5,3.71,7.1,19.35,23.41,0,False,True,False,False,False
5.35,2.49,8.52,48.24,35.52,0,False,False,False,True,False
6.9,4.49,8.12,13.31,37.22,1,False,False,False,False,True
6.79,4.83,4.66,16.8,22.22,0,True,False,False,False,False
2.52,1.81,6.05,16.46,27.46,0,False,False,False,False,False
5.87,3.26,4.04,24.01,24.54,0,False,True,False,False,False
7.96,3.31,3.29,42.18,6.98,0,False,True,False,False,False
4.75,2.02,3.44,20.11,17.45,0,True,False,False,False,False
7.93,1.58,9.6,40.31,27.26,0,False,True,False,False,False
3.6,4.67,9.89,5.75,24.41,0,False,False,False,False,True
9.39,3.95,3.66,44.75,8.6,0,False,True,False,False,False
5.34,0.57,5.35,9.27,36.39,0,False,False,True,False,False
5.96,0.6,3.8,1.96,31.36,0,False,False,True,False,False
0.31,4.61,8.84,7.92,2.74,0,False,True,False,False,False
1.7,0.41,6.47,9.54,13.76,0,True,False,False,False,False
6.33,3.44,7.35,25.43,39.82,0,False,False,True,False,False
4.2,1.13,6.78,22.5,15.59,0,False,False,False,False,False
5.08,0.18,7.97,35.79,26.54,0,False,False,True,False,False
0.63,0.3,5.23,2.55,4.03,0,False,True,False,False,False
8.34,1.87,3.96,24.89,12.44,0,True,False,False,False,False
7.85,0.39,3.12,16.62,35.28,0,False,False,False,True,False
1.85,2.98,6.12,31.54,20.42,0,True,False,False,False,False
6.34,3.24,9.35,2.18,33.0,0,True,False,False,False,False
8.18,1.87,5.14,1.75,0.31,0,True,False,False,False,False
6.41,3.71,4.37,21.36,26.65,0,False,False,False,False,False
3.1,2.45,9.48,40.57,12.0,0,False,False,False,False,True
6.56,2.15,3.74,33.55,34.43,0,False,True,False,False,False
2.1,2.03,3.36,0.84,37.76,0,False,False,False,False,True
3.18,2.16,9.16,8.92,27.5,0,False,False,False,True,False
2.4,4.84,7.91,11.34,5.84,0,False,False,False,False,True
5.57,3.41,5.95,21.15,18.72,0,False,True,False,False,False
1.08,1.58,8.27,29.34,18.58,0,False,True,False,False,False
9.33,3.67,8.19,10.82,33.21,0,False,False,False,True,False
3.34,1.65,3.28,19.13,18.42,0,False,True,False,False,False
2.19,0.63,7.73,29.2,13.31,0,False,False,False,True,False
4.97,2.38,7.49,19.17,24.45,0,False,False,False,True,False
2.77,3.76,9.75,7.16,25.88,0,False,True,False,False,False
5.35,1.89,9.77,24.58,32.4,0,False,False,True,False,False
3.49,4.35,5.64,16.2,36.02,0,False,False,False,True,False
1.32,1.93,7.13,43.21,35.6,0,False,True,False,False,False
2.66,1.75,3.99,38.78,25.07,0,False,False,True,False,False
4.38,4.99,3.47,9.51,20.97,0,False,False,False,True,False
0.3,2.41,6.03,7.63,32.05,0,False,False,True,False,False
7.71,4.03,7.83,17.38,12.27,0,False,False,False,False,False
6.22,4.02,6.97,20.61,30.32,0,True,False,False,False,False
6.01,4.63,6.01,46.6,20.24,0,False,False,False,False,False
5.46,0.42,8.73,15.08,4.95,0,False,False,True,False,False
5.9,1.36,8.56,43.38,30.11,0,False,False,False,True,False
9.35,3.84,8.12,25.27,25.94,0,False,True,False,False,False
0.09,2.81,3.54,44.28,3.3,0,False,False,False,False,True
0.48,2.8,8.58,35.1,18.01,0,False,True,False,False,False
1.91,0.83,9.44,35.42,19.46,0,False,False,False,False,True
1.67,1.41,3.42,25.94,26.14,0,False,False,False,False,True
1.81,2.61,5.81,42.02,27.14,0,False,False,False,True,False
6.72,1.39,9.92,12.72,7.62,0,False,False,True,False,False
4.59,1.05,7.19,45.37,1.35,0,False,True,False,False,False
9.92,0.44,6.6,31.84,31.76,0,False,False,True,False,False
2.27,0.78,4.24,21.94,39.26,0,False,False,False,False,False
3.11,3.84,6.96,49.11,37.63,0,False,False,False,True,False
9.84,3.59,6.07,43.1,20.03,0,False,False,False,True,False
8.32,0.23,3.89,38.6,21.16,0,False,False,False,False,False
4.7,1.02,6.25,13.7,37.22,0,False,True,False,False,False
5.55,2.8,4.15,48.69,21.77,0,True,False,False,False,False
8.43,1.61,8.11,37.15,11.11,0,False,False,False,False,False
4.81,4.12,9.82,30.26,27.1,0,False,True,False,False,False
2.06,3.92,6.29,46.09,19.09,0,False,False,False,False,True
8.28,4.46,7.43,8.11,31.4,0,False,False,False,True,False
5.38,2.81,6.02,6.95,31.33,0,False,True,False,False,False
1.53,1.76,3.97,28.19,37.44,0,False,False,True,False,False
5.06,3.03,9.79,2.84,5.51,0,False,False,True,False,False
4.13,0.45,3.91,33.2,20.85,0,False,False,False,True,False
8.77,0.05,3.78,12.04,31.43,0,False,False,False,False,False
1.26,0.09,6.21,5.95,17.39,0,True,False,False,False,False
8.75,2.04,7.61,20.47,25.08,0,False,False,False,False,False
5.12,1.14,5.48,23.3,32.68,0,False,True,False,False,False
4.04,0.79,4.35,8.52,18.93,0,False,False,False,False,False
1.62,3.08,8.73,2.08,16.33,0,False,False,False,True,False
7.01,4.98,5.54,20.7,7.22,0,False,True,False,False,False
9.27,0.89,4.36,37.98,32.98,0,False,False,False,False,True
3.75,2.73,5.56,43.71,31.83,0,False,False,False,False,False
2.42,0.6,4.5,4.88,29.73,0,False,False,False,False,False
5.55,4.67,6.64,26.23,15.73,0,True,False,False,False,False
7.96,1.46,7.68,13.17,23.33,0,False,True,False,False,False
0.04,4.39,8.6,18.73,4.96,0,False,False,True,False,False
6.31,1.42,4.59,46.67,12.78,0,False,False,False,False,False
5.97,4.03,4.17,17.6,17.42,0,False,False,False,True,False
3.18,1.05,3.14,18.27,1.74,0,False,False,False,False,False
4.51,1.46,4.6,10.47,4.14,0,True,False,False,False,False
2.47,0.96,3.17,48.0,33.19,0,False,False,False,False,True
7.9,1.32,5.42,22.82,38.85,1,True,False,False,False,False
6.35,4.17,4.02,28.52,12.88,0,False,False,False,False,False
5.33,3.2,7.06,22.66,4.27,0,False,False,True,False,False
3.93,2.03,5.69,12.65,37.42,0,False,False,False,False,False
2.91,4.86,3.66,40.52,36.57,0,False,True,False,False,False
8.23,2.32,5.8,1.42,26.19,0,False,False,False,False,False
4.51,4.85,4.47,34.51,13.54,0,False,False,True,False,False
5.01,0.98,7.76,29.71,4.5,0,False,True,False,False,False
5.21,4.52,5.55,7.21,37.58,0,False,False,False,True,False
4.48,0.07,4.03,8.3,36.82,0,False,True,False,False,False
2.56,2.73,5.45,32.96,29.73,0,True,False,False,False,False
1.2,2.12,4.57,15.61,37.36,0,False,False,False,False,True
0.99,2.63,8.57,13.29,5.59,0,True,False,False,False,False
7.57,2.77,9.88,2.96,4.37,0,False,True,False,False,False
2.24,1.95,3.18,38.32,7.68,0,False,False,False,True,False
0.56,4.99,7.83,44.13,8.62,0,False,False,False,False,False
7.98,4.88,4.85,40.99,33.09,0,False,True,False,False,False
1.54,4.81,3.46,23.3,36.87,0,True,False,False,False,False
6.25,4.9,3.1,26.7,8.62,0,False,True,False,False,False
3.39,3.97,9.17,12.11,18.51,0,False,True,False,False,False
1.26,4.94,5.48,8.64,18.18,0,False,True,False,False,False
4.14,4.46,9.96,41.15,7.11,0,False,False,False,True,False
0.15,2.08,6.1,39.92,34.13,0,False,False,True,False,False
8.41,3.92,4.31,38.87,20.9,0,False,False,True,False,False
5.13,4.56,8.44,23.17,22.65,0,False,True,False,False,False
1.39,3.56,9.49,43.23,10.34,0,False,False,False,True,False
2.37,2.11,8.71,46.31,22.37,0,False,False,False,True,False
4.48,0.33,8.22,16.42,31.7,0,False,True,False,False,False
1.89,4.05,5.34,11.23,12.2,0,True,False,False,False,False
2.69,4.76,3.45,23.21,4.53,0,True,False,False,False,False
5.34,1.81,4.41,8.97,23.36,0,False,False,False,False,True
8.33,0.76,6.13,44.2,25.43,0,False,True,False,False,False
4.02,1.63,9.69,16.9,8.08,0,False,False,False,False,True
7.17,2.91,8.06,28.81,9.93,0,True,False,False,False,False
8.77,1.58,8.8,29.74,6.12,0,True,False,False,False,False
2.16,3.05,4.94,25.75,36.86,0,False,True,False,False,False
8.07,4.83,7.79,7.83,8.52,0,False,False,False,False,True
7.57,3.35,9.04,49.55,0.43,0,False,False,False,False,True
3.57,1.81,6.36,8.63,33.61,0,False,True,False,False,False
9.9,4.68,6.01,37.58,32.13,0,False,False,False,False,True
2.63,2.83,8.04,39.57,18.26,0,False,False,False,False,False
2.55,0.64,6.92,7.26,31.89,0,True,False,False,False,False
7.72,2.49,9.95,46.66,17.98,0,False,False,True,False,False
4.35,3.27,5.98,24.39,8.98,0,False,False,False,True,False
3.31,4.19,4.23,31.44,17.04,0,False,False,False,False,True
1.79,4.68,6.3,32.11,19.47,0,False,False,False,False,True
7.65,1.59,4.65,25.25,0.36,0,False,False,False,True,False
7.86,0.78,6.93,7.1,4.53,0,False,False,False,False,True
5.67,0.37,3.88,37.59,34.99,0,False,False,False,True,False
9.57,3.69,9.65,29.09,15.7,0,False,True,False,False,False
3.18,3.98,9.02,5.93,13.26,0,False,False,False,False,False
2.2,2.05,4.09,35.02,35.53,0,False,False,False,False,False
6.77,1.98,4.21,35.14,6.18,0,True,False,False,False,False
7.58,4.77,6.59,27.42,8.68,0,False,False,True,False,False
2.25,4.58,8.41,4.53,33.12,0,False,False,False,False,True
0.77,1.17,4.53,17.63,11.19,0,False,False,True,False,False
8.11,3.9,3.43,2.55,25.33,0,False,True,False,False,False
9.77,3.11,6.82,23.88,29.58,0,False,False,False,False,False
6.45,0.77,7.84,45.32,8.91,0,False,True,False,False,False
2.78,1.78,4.71,0.11,10.14,0,False,True,False,False,False
9.97,0.89,8.18,13.33,20.65,0,False,False,False,False,True
8.93,1.48,9.65,39.99,31.69,0,False,True,False,False,False
5.13,3.08,3.96,0.49,22.18,0,False,False,False,False,False
8.25,1.88,6.58,0.51,2.69,0,False,False,True,False,False
8.16,1.97,3.4,30.54,14.03,0,False,False,False,False,False
9.35,2.7,4.45,39.46,13.23,0,False,False,False,False,True
8.41,0.44,3.63,38.83,32.3,0,False,False,False,False,False
6.44,3.69,5.83,38.98,11.59,0,False,False,False,True,False
6.09,2.01,8.75,18.05,36.05,0,False,False,True,False,False
4.67,2.4,7.04,44.14,13.4,0,False,False,False,True,False
6.26,4.87,4.56,0.64,7.76,0,False,False,False,True,False
7.95,1.72,3.28,15.61,21.6,0,True,False,False,False,False
9.69,3.24,6.87,16.86,15.46,0,False,False,False,False,True
4.67,1.96,3.93,8.28,25.9,0,False,True,False,False,False
5.74,4.47,5.4,16.81,36.63,0,False,False,False,True,False
4.45,4.23,6.57,29.29,37.63,0,False,False,False,False,False
6.68,1.21,9.33,26.01,9.09,0,False,True,False,False,False
6.3,3.46,3.57,15.97,6.49,0,False,False,False,False,False
0.18,0.33,7.68,37.47,37.6,0,False,False,False,False,False
5.41,4.82,3.1,35.74,32.5,0,False,True,False,False,False
0.88,1.74,7.41,14.03,10.47,0,False,True,False,False,False
0.26,4.16,6.86,16.16,32.2,0,False,False,False,False,False
7.91,1.59,8.68,14.38,29.64,0,False,False,False,False,True
2.59,3.16,6.72,6.44,10.14,0,False,False,True,False,False
3.41,4.92,5.47,37.64,36.23,0,True,False,False,False,False
0.64,4.38,4.7,2.31,12.87,0,False,False,True,False,False
1.8,0.8,3.6,7.53,19.21,0,False,False,False,False,True
7.66,2.74,6.74,5.27,24.37,0,True,False,False,False,False
4.94,1.74,9.22,41.27,7.65,0,False,True,False,False,False
8.81,2.17,6.6,2.2,24.45,0,True,False,False,False,False
3.97,1.68,8.17,33.23,28.25,0,False,False,False,False,False
2.69,1.68,5.09,2.22,4.06,0,False,False,True,False,False
3.48,2.71,6.14,39.32,15.17,0,True,False,False,False,False
7.13,0.96,5.27,45.64,24.48,0,False,False,False,False,False
5.55,2.69,3.76,24.34,37.05,1,False,False,False,False,True
9.04,1.39,5.92,40.23,35.64,1,True,False,False,False,False
6.02,1.44,8.35,35.32,6.79,0,False,False,False,False,False
4.93,3.69,5.76,39.78,24.42,0,False,False,False,False,True
7.86,0.15,7.55,38.34,3.92,0,False,True,False,False,False
9.48,1.9,8.31,10.27,11.76,0,False,False,False,False,True
3.56,2.04,5.26,24.98,23.89,0,False,False,False,False,True
2.5,2.43,8.58,48.02,3.25,0,False,False,True,False,False
6.16,3.35,5.37,17.18,35.55,1,False,False,False,False,False
4.99,1.85,4.79,48.52,33.16,0,True,False,False,False,False
9.89,1.07,4.56,29.16,18.94,0,False,False,True,False,False
4.62,4.42,4.4,23.08,19.67,0,False,False,False,True,False
0.74,4.91,8.16,32.89,35.25,0,False,False,False,False,True
9.77,0.1,9.21,40.79,2.02,0,False,False,False,True,False
8.44,2.73,4.61,19.71,5.76,0,False,False,True,False,False
1.78,1.71,3.6,1.65,12.32,0,False,False,False,False,False
9.05,1.38,5.2,35.44,14.58,0,False,False,True,False,False
3.41,1.68,7.6,47.81,39.5,0,False,False,False,False,False
3.77,3.19,5.58,31.25,5.9,0,False,False,False,False,False
9.06,0.95,6.84,9.42,12.12,0,False,True,False,False,False
5.3,4.56,8.21,12.41,33.12,0,False,False,False,False,True
1.38,2.33,5.86,45.49,31.37,0,False,False,True,False,False
3.69,1.63,10.0,0.68,26.19,0,False,False,False,False,False
7.22,3.83,5.09,27.44,13.14,0,False,False,True,False,False
1.74,0.08,9.85,7.93,4.71,0,False,False,True,False,False
5.9,2.16,4.42,14.14,39.34,1,False,False,False,False,False
6.95,1.78,3.78,15.35,10.06,0,True,False,False,False,False
3.44,1.69,8.26,10.96,33.79,0,False,False,False,True,False
6.94,1.69,7.92,39.62,35.8,1,False,False,False,False,True
8.84,0.16,8.68,16.61,17.64,0,False,False,False,False,True
4.72,0.76,5.41,17.27,34.03,0,True,False,False,False,False
3.83,0.71,9.52,22.65,11.16,0,False,True,False,False,False
2.51,4.94,3.84,45.11,35.6,0,True,False,False,False,False
6.04,0.11,3.21,34.41,25.44,0,False,True,False,False,False
8.8,0.84,5.1,3.09,7.77,0,False,True,False,False,False
3.25,4.87,8.58,1.96,31.46,0,True,False,False,False,False
3.96,3.14,7.71,28.32,36.55,0,False,False,False,False,True
4.07,2.25,6.05,44.35,22.82,0,False,False,False,True,False
5.61,0.39,4.79,16.16,30.41,0,False,False,False,False,True
2.28,3.35,3.41,12.39,31.79,0,False,False,False,False,True
8.22,0.69,5.36,37.41,31.5,0,False,False,False,False,True
2.96,3.36,6.22,30.1,18.18,0,True,False,False,False,False
7.05,4.9,7.81,28.25,29.6,0,True,False,False,False,False
5.13,2.66,7.52,7.47,21.94,0,True,False,False,False,False
5.86,1.07,9.63,8.8,16.59,0,False,False,False,False,True
1.8,3.13,3.7,14.09,6.63,0,False,False,False,True,False
7.35,2.56,5.35,10.34,36.36,0,False,True,False,False,False
1.89,2.67,6.37,48.57,16.6,0,False,False,True,False,False
1.13,2.39,7.69,0.93,9.58,0,False,True,False,False,False
5.47,3.37,6.47,31.3,9.69,0,False,True,False,False,False
7.09,2.86,9.39,25.88,9.68,0,False,False,True,False,False
0.5,4.93,7.26,16.16,0.1,0,False,False,False,False,True
0.69,4.13,3.28,44.38,17.53,0,False,False,False,True,False
8.03,1.32,3.8,33.51,35.63,0,False,False,False,True,False
8.09,3.63,8.27,49.92,1.01,0,False,True,False,False,False
2.45,1.07,8.01,8.43,38.26,0,False,False,True,False,False
6.15,3.91,4.07,4.39,7.16,0,False,False,False,False,False
4.43,0.74,3.41,6.97,28.75,0,False,False,False,False,True
6.33,2.37,7.05,13.46,31.41,0,False,True,False,False,False
8.63,3.95,7.45,20.84,29.4,0,False,False,False,True,False
0.8,1.4,3.95,43.13,13.57,0,True,False,False,False,False
7.78,4.19,6.32,14.18,28.15,0,True,False,False,False,False
4.93,3.22,5.14,45.76,18.92,0,False,False,True,False,False
5.64,1.99,9.52,23.15,6.09,0,False,False,True,False,False
6.54,2.12,4.53,32.35,8.04,0,False,True,False,False,False
9.23,4.63,8.13,13.22,1.04,0,False,False,False,False,False
0.57,1.09,6.63,7.8,13.28,0,False,False,False,True,False
0.29,3.47,3.08,43.47,29.12,0,False,True,False,False,False
1.78,3.54,6.62,5.48,38.76,0,False,False,False,False,False
9.86,4.61,3.7,38.7,5.34,0,False,False,True,False,False
7.15,3.57,7.61,29.05,14.13,0,True,False,False,False,False
6.15,2.92,6.96,43.06,7.26,0,False,False,False,False,True
0.47,4.51,3.07,35.89,30.44,0,True,False,False,False,False
8.79,4.15,4.43,14.08,36.78,0,False,False,False,True,False
8.13,3.58,8.43,28.72,4.56,0,False,False,False,True,False
6.65,0.16,4.93,0.65,36.14,1,True,False,False,False,False
3.39,1.87,6.49,23.76,10.86,0,True,False,False,False,False
0.71,3.16,5.18,4.3,8.92,0,False,False,False,False,False
5.8,2.61,9.45,21.45,2.27,0,False,True,False,False,False
7.2,1.6,6.76,5.48,3.22,0,False,False,True,False,False
0.94,0.72,7.87,47.77,2.77,0,False,False,False,False,False
6.34,2.76,3.58,26.15,17.86,0,False,False,False,False,True
2.86,1.43,3.28,45.66,26.35,0,True,False,False,False,False
7.64,1.17,4.81,1.12,7.38,0,False,False,False,False,True
5.4,1.99,5.16,31.88,8.71,0,False,False,False,False,True
1.29,3.93,7.81,15.35,6.92,0,False,False,False,False,False
5.27,2.44,6.98,21.59,32.26,0,False,False,True,False,False
3.96,1.08,5.62,43.65,5.49,0,False,False,False,True,False
1.8,0.58,7.58,49.0,2.94,0,False,True,False,False,False
8.42,2.49,4.14,12.32,1.47,0,False,False,False,True,False
0.11,3.97,3.44,47.41,1.61,0,False,False,True,False,False
3.12,3.26,8.98,34.44,21.87,0,False,False,False,True,False
0.13,1.16,6.95,47.57,3.76,0,True,False,False,False,False
0.96,2.18,7.54,28.12,8.9,0,True,False,False,False,False
2.97,4.28,5.15,48.04,33.31,0,False,False,False,False,False
0.54,0.89,5.6,44.62,38.72,0,False,False,False,False,True
5.97,2.66,3.58,6.43,34.43,0,False,False,True,False,False
0.87,1.78,9.0,15.54,38.38,0,False,False,True,False,False
7.02,0.62,7.15,12.15,26.82,0,False,False,False,True,False
0.53,0.25,3.59,28.6,39.49,0,False,False,False,False,False
0.59,2.78,8.63,40.14,19.85,0,False,False,False,True,False
3.05,0.1,6.11,37.97,31.79,0,False,False,False,True,False
8.97,0.52,8.36,36.34,38.87,0,False,False,True,False,False
6.41,1.74,3.09,18.76,28.37,0,False,False,False,True,False
7.7,0.22,3.2,6.98,38.27,1,False,False,False,False,True
1.42,2.0,4.2,10.53,10.15,0,False,False,False,True,False
8.34,0.65,4.48,37.08,12.01,0,False,False,False,False,True
0.08,1.75,8.35,7.38,15.89,0,False,False,True,False,False
2.13,3.96,7.95,11.15,18.58,0,False,False,False,False,False
6.16,3.13,7.31,21.23,35.9,1,True,False,False,False,False
3.75,2.23,9.19,3.61,35.51,0,False,False,False,False,True
9.84,0.46,4.73,10.63,26.32,0,False,False,False,False,False
0.3,3.1,9.33,7.49,9.29,0,False,False,False,False,False
9.99,0.82,9.37,47.57,9.62,0,False,False,False,False,True
6.24,0.38,6.04,9.58,25.27,0,False,False,True,False,False
5.59,3.32,3.66,43.09,20.14,0,False,True,False,False,False
0.6,4.56,8.09,5.74,10.34,0,False,False,False,False,False
2.73,2.3,5.36,43.48,6.73,0,False,False,False,False,False
9.25,0.2,8.56,29.97,28.91,0,False,False,True,False,False
3.54,4.4,4.15,42.49,32.53,0,False,False,True,False,False
6.62,0.33,6.78,43.37,10.45,0,False,False,False,True,False
9.99,4.34,6.56,29.82,17.0,0,False,False,True,False,False
2.63,1.96,3.7,45.88,28.54,0,False,False,False,False,False
5.76,1.83,5.54,29.27,18.77,0,False,False,False,False,True
6.96,2.71,3.59,35.63,38.45,0,False,True,False,False,False
1.65,4.79,6.25,20.8,5.18,0,False,False,False,True,False
1.49,4.49,8.9,45.7,34.17,0,False,False,False,False,True
4.56,2.35,4.89,41.21,12.24,0,False,True,False,False,False
3.86,3.48,8.35,8.34,27.48,0,False,True,False,False,False
7.14,2.9,4.28,28.82,10.15,0,False,True,False,False,False
0.7,3.47,7.72,44.84,38.66,0,True,False,False,False,False
9.72,4.15,9.41,39.65,2.01,0,False,False,False,False,True
0.14,0.17,5.27,48.13,20.54,0,False,False,False,True,False
6.01,1.63,9.3,11.57,36.42,0,False,False,False,True,False
5.63,4.8,6.54,18.37,18.79,0,False,True,False,False,False
1.35,4.75,5.22,25.36,33.61,0,False,False,False,False,True
1.51,0.06,9.28,11.63,37.99,0,True,False,False,False,False
7.93,1.01,3.22,19.7,2.71,0,False,True,False,False,False
8.88,4.97,3.2,26.88,19.55,0,False,False,True,False,False
2.83,2.46,7.2,9.57,27.46,0,False,False,False,True,False
4.38,2.86,8.58,12.83,33.29,0,False,False,False,False,False
3.55,0.83,8.26,6.24,6.53,0,False,True,False,False,False
0.73,4.47,3.56,35.67,22.67,0,False,False,True,False,False
6.73,1.16,9.65,18.08,6.52,0,False,False,False,True,False
8.25,0.95,7.92,11.01,30.22,0,True,False,False,False,False
3.05,1.14,9.64,25.37,11.39,0,False,False,False,False,True
9.9,4.6,5.3,3.41,10.75,0,False,False,False,True,False
0.76,3.51,7.86,46.17,30.79,0,False,False,False,False,True
6.62,3.84,9.02,14.72,33.68,0,False,False,False,False,True
4.48,1.89,5.66,44.32,13.73,0,True,False,False,False,False
4.47,4.55,9.75,24.88,20.04,0,True,False,False,False,False
4.58,3.95,4.85,42.51,27.74,0,False,True,False,False,False
2.59,3.75,5.21,12.35,29.81,0,False,True,False,False,False
7.16,4.85,9.44,8.76,30.8,0,False,False,False,True,False
7.22,1.83,9.79,42.47,15.62,0,True,False,False,False,False
2.82,3.05,5.0,10.65,21.45,0,False,False,True,False,False
8.35,4.55,3.95,37.31,4.38,0,False,False,False,True,False
3.17,3.95,8.31,17.23,37.94,0,False,False,False,False,False
7.25,2.82,9.51,37.41,28.06,0,False,False,False,False,True
1.21,0.38,7.2,45.38,15.02,0,False,False,False,False,True
1.69,3.26,7.44,49.08,15.58,0,False,True,False,False,False
3.16,2.63,8.34,17.99,3.62,0,False,False,True,False,False
5.94,0.92,4.07,18.38,18.28,0,True,False,False,False,False
6.46,4.41,9.81,49.07,26.92,0,True,False,False,False,False
3.96,1.72,5.55,43.08,38.1,0,False,True,False,False,False
0.78,1.94,7.4,2.25,25.9,0,False,False,False,False,False
3.74,3.36,6.28,28.67,26.03,0,False,False,False,True,False
6.89,2.44,6.28,9.06,31.46,0,False,False,False,True,False
6.71,0.45,7.92,49.7,20.39,0,False,False,True,False,False
1.6,1.94,9.96,6.95,1.29,0,False,True,False,False,False
0.08,0.47,7.61,27.97,35.59,0,False,True,False,False,False
7.53,0.95,8.56,33.26,16.1,0,False,False,False,False,False
1.06,0.04,3.19,46.85,39.39,0,False,False,False,True,False
0.82,0.91,8.67,42.36,16.26,0,False,True,False,False,False
0.03,1.65,5.1,12.29,26.73,0,True,False,False,False,False
4.33,2.69,3.89,28.63,18.39,0,False,False,True,False,False
5.03,4.6,3.79,47.68,9.3,0,False,False,False,True,False
6.38,2.7,7.76,36.79,37.23,1,False,False,False,False,False
2.96,3.53,9.98,34.42,25.09,0,False,False,True,False,False
7.1,1.79,7.66,37.75,18.02,0,False,False,False,False,True
1.69,3.76,4.84,16.13,5.77,0,True,False,False,False,False
8.32,3.1,4.42,36.46,39.96,1,False,False,False,False,False
5.72,2.3,6.68,11.64,35.81,0,False,False,True,False,False
5.84,0.97,3.46,21.41,16.91,0,False,True,False,False,False
2.1,1.52,5.8,44.5,6.86,0,False,False,False,False,True
0.74,3.1,7.66,0.95,1.19,0,False,False,False,False,False
4.65,2.13,9.77,20.72,6.07,0,False,True,False,False,False
6.16,4.45,5.98,13.34,21.38,0,True,False,False,False,False
0.95,1.17,4.4,9.93,32.63,0,False,False,False,False,True
9.51,0.37,8.72,41.93,14.54,0,False,False,False,True,False
9.8,2.95,8.21,34.82,17.36,0,False,True,False,False,False
5.45,4.43,9.02,5.63,18.93,0,False,False,True,False,False
9.5,1.82,4.5,24.72,0.7,0,False,False,False,False,False
1.79,3.24,5.83,23.35,7.08,0,False,False,False,False,True
0.25,1.16,9.87,7.13,20.04,0,False,True,False,False,False
0.39,2.79,4.11,39.99,11.18,0,False,False,False,True,False
5.88,3.93,7.7,18.33,20.93,0,False,False,False,False,False
0.62,4.34,4.66,38.1,4.32,0,False,False,False,False,False
9.59,0.53,6.5,9.6,32.11,0,False,True,False,False,False
1.42,1.78,8.6,15.75,31.35,0,False,False,False,True,False
3.05,3.2,6.42,4.76,26.79,0,True,False,False,False,False
8.23,0.17,8.64,7.17,21.26,0,True,False,False,False,False
2.19,3.45,5.98,44.16,15.6,0,False,False,False,False,True
2.43,2.64,10.0,5.46,27.31,0,False,True,False,False,False
6.42,1.44,6.05,4.79,31.27,0,False,False,False,False,True
2.76,4.07,4.05,47.02,32.34,0,True,False,False,False,False
2.17,1.45,5.81,32.3,13.9,0,False,False,False,False,False
2.54,4.96,8.2,5.05,7.76,0,False,False,False,False,True
4.91,4.08,8.94,48.59,13.67,0,False,False,False,True,False
9.66,3.54,6.22,7.36,0.31,0,False,False,True,False,False
8.32,0.31,7.16,38.32,16.93,0,True,False,False,False,False
2.85,4.52,8.91,1.74,10.94,0,True,False,False,False,False
3.63,3.95,8.69,31.23,31.6,0,False,False,False,True,False
4.65,1.15,7.6,27.34,26.99,0,False,False,False,False,True
9.79,1.96,8.71,10.4,1.04,0,False,True,False,False,False
1.72,1.34,7.03,32.16,5.77,0,False,False,False,False,False
3.57,4.92,3.03,30.85,21.69,0,False,False,True,False,False
7.29,4.27,3.29,39.92,24.72,0,False,True,False,False,False
9.64,4.65,9.86,43.79,30.76,0,False,True,False,False,False
1.56,3.94,4.01,25.51,38.73,0,False,False,False,True,False
2.27,2.28,5.83,24.51,28.08,0,False,False,False,False,True
2.26,1.03,9.54,31.08,21.8,0,True,False,False,False,False
0.21,1.04,4.37,36.46,16.58,0,True,False,False,False,False
6.04,0.76,8.91,17.81,29.53,0,False,False,False,True,False
6.71,2.73,8.73,25.23,37.39,1,False,False,False,False,True
6.03,4.6,9.9,29.26,16.92,0,False,False,False,True,False
0.71,4.96,4.97,49.42,23.39,0,True,False,False,False,False
0.69,1.44,5.21,29.39,8.28,0,False,True,False,False,False
2.1,3.49,9.32,11.21,34.3,0,False,False,False,False,False
2.9,2.99,4.64,29.4,28.54,0,False,False,False,False,True
7.87,2.44,6.84,40.97,14.19,0,False,False,True,False,False
1.59,3.33,7.95,42.87,34.96,0,False,False,True,False,False
0.44,1.86,4.9,40.01,38.83,0,False,True,False,False,False
3.94,4.72,9.57,44.41,11.54,0,False,False,False,True,False
4.16,3.53,7.66,16.74,7.47,0,False,False,False,True,False
4.51,3.77,3.33,25.38,33.28,0,True,False,False,False,False
8.27,1.21,3.95,38.98,23.3,0,False,True,False,False,False
0.98,0.84,4.34,13.22,35.37,0,True,False,False,False,False
7.04,1.97,4.71,18.58,13.9,0,True,False,False,False,False
3.38,3.83,8.11,41.56,23.25,0,False,False,True,False,False
3.1,4.69,3.62,38.5,23.09,0,True,False,False,False,False
9.33,2.14,5.45,48.56,7.53,0,True,False,False,False,False
2.48,3.87,9.38,49.8,39.68,0,False,False,True,False,False
6.43,2.35,6.9,12.04,26.56,0,False,False,False,True,False
2.75,1.48,4.86,45.02,26.57,0,False,False,False,False,True
5.07,3.7,9.7,4.73,11.87,0,False,False,False,False,False
7.86,3.99,4.71,35.49,26.02,0,True,False,False,False,False
8.82,1.01,9.34,11.0,33.32,0,False,False,False,False,True
8.39,1.53,8.08,15.02,32.54,0,False,False,True,False,False
5.82,2.47,8.18,47.32,36.79,1,False,False,False,False,True
2.49,0.93,8.35,13.16,5.95,0,False,False,False,False,False
6.61,4.64,6.55,33.66,7.31,0,False,False,False,False,True
7.1,2.96,8.7,8.91,28.41,0,False,False,False,False,True
0.11,0.61,8.85,4.67,32.31,0,False,False,False,False,True
4.39,0.92,5.52,16.97,26.97,0,False,False,False,False,True
8.43,4.77,5.8,31.21,5.71,0,False,True,False,False,False
4.9,3.69,9.22,12.4,23.8,0,True,False,False,False,False
3.11,3.67,6.67,15.01,29.94,0,False,False,True,False,False
8.72,0.36,9.07,35.44,5.48,0,False,False,False,False,False
1.56,4.48,7.39,5.14,2.23,0,False,False,True,False,False
2.06,2.22,7.15,22.35,10.19,0,False,True,False,False,False
6.87,3.3,3.22,47.09,3.63,0,False,True,False,False,False
3.52,4.8,4.95,19.85,5.94,0,False,True,False,False,False
7.13,0.5,6.51,21.71,8.13,0,True,False,False,False,False
1.58,2.41,7.11,36.91,21.23,0,False,True,False,False,False
2.52,0.25,7.41,38.95,6.23,0,False,False,False,False,True
1.57,2.5,8.01,38.48,24.19,0,False,False,True,False,False
9.53,1.26,7.59,49.89,11.63,0,False,False,False,True,False
4.05,4.56,8.94,3.57,12.42,0,False,False,False,False,False
3.37,1.99,5.07,49.11,38.7,0,False,True,False,False,False
0.14,3.17,7.49,47.51,32.21,0,False,False,True,False,False
1.53,4.3,3.36,42.61,16.97,0,False,True,False,False,False
4.21,4.92,6.36,22.71,17.9,0,True,False,False,False,False
0.69,2.52,4.88,43.55,4.59,0,False,True,False,False,False
5.11,2.28,5.67,11.04,33.78,0,False,True,False,False,False
4.55,0.38,5.48,39.58,0.16,0,False,True,False,False,False
7.67,0.06,3.42,9.26,5.78,0,False,True,False,False,False
6.6,3.04,6.27,40.77,21.36,0,False,False,False,False,False
4.46,0.33,9.96,30.73,7.54,0,False,False,True,False,False
2.25,1.9,5.09,4.9,25.31,0,True,False,False,False,False
7.27,0.02,8.15,44.77,0.15,0,False,True,False,False,False
7.08,3.08,6.83,28.9,3.94,0,False,True,False,False,False
1.53,2.13,5.28,32.81,30.59,0,False,True,False,False,False
9.15,0.64,3.63,14.18,23.06,0,False,True,False,False,False
0.64,1.48,4.51,43.58,0.78,0,False,False,False,False,True
0.55,2.85,8.47,27.26,8.23,0,False,False,False,False,True
1.87,3.28,4.95,21.06,9.56,0,False,False,False,True,False
9.09,2.31,4.01,26.71,33.96,0,False,True,False,False,False
5.2,4.02,5.32,35.17,23.3,0,False,False,False,True,False
7.88,0.56,7.09,34.75,21.66,0,False,False,False,False,False
2.28,0.42,7.92,17.88,3.47,0,False,False,False,True,False
4.9,0.22,5.71,19.26,26.28,0,False,False,True,False,False
3.58,2.68,6.49,28.11,6.24,0,False,False,False,False,True
8.28,3.53,6.18,46.22,20.87,0,False,False,False,False,True
0.23,0.65,3.06,37.27,23.71,0,False,True,False,False,False
2.44,3.19,5.77,19.52,33.68,0,False,True,False,False,False
1.53,2.38,7.11,16.85,32.26,0,False,False,False,False,False
8.59,4.94,6.99,26.18,7.6,0,True,False,False,False,False
4.68,3.59,8.25,43.5,36.65,0,False,False,False,False,False
4.04,3.29,7.69,0.43,0.11,0,False,False,True,False,False
4.49,2.85,4.94,35.52,13.21,0,False,True,False,False,False
9.72,4.99,4.79,14.73,2.65,0,False,True,False,False,False
8.5,4.9,6.25,10.42,28.84,0,False,False,False,False,False
7.06,2.69,8.13,0.61,20.01,0,False,False,False,False,False
2.9,2.28,3.66,44.83,7.0,0,False,False,False,False,False
1.65,2.31,9.64,45.61,3.41,0,False,False,False,False,True
9.21,2.14,6.8,3.07,9.04,0,False,False,False,True,False
4.23,2.66,5.14,26.09,36.83,0,False,False,False,True,False
2.79,1.37,7.85,7.63,27.11,0,False,True,False,False,False
4.71,4.63,3.31,37.93,9.69,0,False,False,False,False,True
9.18,2.45,6.39,33.27,35.75,1,False,False,False,False,False
3.87,4.21,6.4,14.86,5.46,0,False,True,False,False,False
5.63,2.38,4.13,5.85,27.54,0,False,False,False,False,True
8.03,3.59,8.86,41.56,16.99,0,False,False,True,False,False
4.27,1.68,8.58,33.71,10.73,0,True,False,False,False,False
2.34,3.12,4.07,0.34,10.49,0,False,False,False,False,True
9.95,2.49,5.55,31.39,20.03,0,False,True,False,False,False
9.57,1.84,3.7,40.51,37.26,0,False,False,False,True,False
8.43,4.41,8.94,29.54,29.69,0,False,False,False,False,False
6.88,0.56,5.26,21.24,26.48,0,True,False,False,False,False
2.95,2.43,6.08,29.2,35.02,0,False,False,True,False,False
9.13,0.97,5.27,30.99,22.81,0,True,False,False,False,False
2.76,4.31,5.17,32.0,7.68,0,True,False,False,False,False
8.01,1.27,8.23,48.35,39.09,1,False,False,False,False,True
9.18,3.17,8.23,8.93,21.39,0,False,True,False,False,False
6.03,0.83,6.62,31.15,12.61,0,False,True,False,False,False
8.03,2.02,7.6,9.4,31.13,0,True,False,False,False,False
7.92,4.5,6.58,10.5,18.56,0,False,False,False,False,False
1.93,0.83,3.2,33.46,0.5,0,False,True,False,False,False
6.68,3.32,3.46,45.8,12.8,0,True,False,False,False,False
0.93,1.02,5.69,7.95,18.29,0,False,True,False,False,False
5.08,2.08,8.25,48.12,14.9,0,False,False,False,False,False
1.62,2.7,9.39,15.97,22.07,0,False,False,True,False,False
4.16,2.89,3.21,19.57,7.33,0,True,False,False,False,False
8.33,3.01,5.58,7.68,22.9,0,False,False,False,True,False
9.87,3.2,4.57,30.79,39.46,0,False,False,False,True,False
3.18,1.36,8.71,29.82,30.15,0,True,False,False,False,False
5.32,2.01,8.92,22.11,27.38,0,False,False,False,False,True
5.11,0.19,4.44,23.8,8.02,0,False,False,True,False,False
9.54,3.84,7.98,31.15,23.27,0,False,False,False,False,True
4.79,4.19,8.12,29.17,32.79,0,False,False,False,True,False
6.99,1.0,4.24,18.71,9.63,0,False,False,False,False,False
9.22,1.01,6.04,44.21,3.47,0,True,False,False,False,False
3.73,0.21,7.34,33.38,26.47,0,False,True,False,False,False
9.02,4.85,3.18,10.27,26.94,0,False,False,False,True,False
9.17,4.04,5.83,16.0,32.18,0,False,False,True,False,False
9.31,1.8,4.08,39.39,25.18,0,False,False,False,True,False
2.7,2.41,6.79,5.23,33.92,0,False,False,True,False,False
4.0,1.46,8.9,37.51,10.64,0,False,False,True,False,False
8.7,2.99,6.67,17.94,1.41,0,True,False,False,False,False
3.59,3.59,3.25,27.58,29.31,0,False,False,True,False,False
6.0,2.24,3.21,14.03,15.44,0,False,False,False,False,True
1.18,4.37,7.24,49.32,8.39,0,False,False,False,False,False
0.56,2.59,5.3,45.29,2.07,0,False,False,False,True,False
4.12,0.72,7.01,46.42,30.22,0,False,False,False,False,False
5.79,3.11,4.15,9.24,33.05,0,False,True,False,False,False
3.93,2.31,8.44,42.08,15.56,0,False,False,False,True,False
5.78,4.68,9.03,26.77,35.4,1,False,False,False,False,False
5.15,1.96,9.22,35.39,16.62,0,False,False,False,False,False
6.86,2.01,5.13,10.88,38.06,1,True,False,False,False,False
6.5,3.25,7.63,35.6,39.33,1,True,False,False,False,False
4.24,2.63,4.95,45.71,32.71,0,False,True,False,False,False
4.25,1.87,8.34,13.37,10.25,0,False,False,True,False,False
1.41,4.95,3.84,11.67,14.65,0,False,False,False,True,False
5.13,1.51,8.34,5.22,21.31,0,True,False,False,False,False
5.87,1.39,6.08,13.34,13.15,0,False,False,False,True,False
4.76,4.32,8.99,26.79,32.76,0,False,True,False,False,False
3.26,0.02,8.17,41.64,37.1,0,True,False,False,False,False
7.22,1.01,5.64,13.94,39.43,1,True,False,False,False,False
0.75,2.95,9.32,31.06,13.45,0,False,False,True,False,False
9.14,0.81,4.98,23.98,10.81,0,False,False,False,True,False
0.21,4.93,9.77,14.43,6.44,0,False,False,False,True,False
9.62,2.32,8.37,25.52,1.9,0,False,False,False,True,False
4.62,2.99,9.93,8.4,7.08,0,False,False,True,False,False
4.13,0.8,3.38,31.98,11.38,0,True,False,False,False,False
2.56,1.45,4.92,5.78,15.64,0,False,True,False,False,False
0.1,3.07,8.19,36.55,4.39,0,False,False,False,True,False
2.75,2.75,9.46,8.89,32.81,0,False,False,False,False,False
1.09,3.92,3.2,49.91,24.76,0,False,False,True,False,False
6.6,1.35,3.0,41.18,22.51,0,False,False,False,False,True
3.19,3.27,4.79,17.19,21.81,0,False,True,False,False,False
7.67,1.45,8.97,21.31,11.6,0,False,False,False,False,False
2.07,2.93,8.37,12.96,37.5,0,False,False,False,True,False
9.0,3.03,5.38,38.36,9.27,0,False,False,False,False,True
5.23,0.61,3.01,19.04,26.75,0,False,True,False,False,False
1.15,2.74,6.88,37.76,10.12,0,False,False,True,False,False
4.01,0.06,4.67,0.92,39.58,0,False,False,False,False,True
2.07,2.51,8.22,6.78,36.47,0,True,False,False,False,False
2.0,3.49,6.12,18.25,10.58,0,False,False,False,False,True
5.06,0.36,7.75,5.45,39.5,1,False,False,False,False,False
6.72,4.69,8.97,30.06,25.04,0,False,True,False,False,False
9.12,2.29,6.75,2.54,29.14,0,False,False,False,False,False
5.02,4.69,5.35,42.99,11.32,0,False,False,False,False,False
9.66,0.54,8.39,38.07,8.64,0,False,False,False,True,False
9.42,4.75,4.86,10.81,34.32,0,False,False,True,False,False
8.65,0.55,9.24,24.19,11.01,0,False,False,False,False,True
5.0,2.31,3.5,22.59,36.7,0,False,True,False,False,False
1.41,4.69,8.85,36.24,14.67,0,True,False,False,False,False
2.18,1.16,3.64,20.08,0.37,0,False,False,True,False,False
6.48,0.17,3.39,1.65,23.69,0,False,False,True,False,False
4.22,3.97,5.54,13.69,14.15,0,False,True,False,False,False
1.47,2.98,9.7,23.31,39.04,0,False,False,True,False,False
4.79,2.57,9.88,48.72,15.47,0,False,False,False,True,False
0.17,0.17,4.41,44.06,12.58,0,False,False,True,False,False
7.34,3.27,4.04,9.07,22.66,0,False,False,False,True,False
0.74,0.86,5.47,36.16,29.2,0,False,False,False,False,True
6.29,4.66,5.36,46.84,38.66,1,False,False,False,False,True
7.93,3.43,8.32,0.44,2.78,0,False,False,False,False,False
1.33,3.54,6.11,36.05,16.78,0,False,False,False,True,False
5.19,1.16,8.46,22.97,26.55,0,True,False,False,False,False
7.79,4.4,8.24,34.01,0.2,0,False,False,False,False,True
2.61,2.69,7.05,30.28,19.56,0,False,False,True,False,False
1.63,4.29,8.83,49.23,32.26,0,False,True,False,False,False
3.37,1.35,4.37,14.44,2.03,0,False,True,False,False,False
5.55,3.78,4.13,39.31,13.62,0,False,False,False,True,False
5.75,2.87,8.25,11.73,16.04,0,True,False,False,False,False
1.31,0.24,4.71,21.78,28.65,0,False,False,False,False,False
4.58,2.03,3.02,48.77,11.83,0,False,False,True,False,False
2.68,0.92,9.38,38.31,9.85,0,False,False,False,True,False
8.42,1.8,7.36,15.79,4.62,0,False,True,False,False,False
3.14,1.92,6.11,30.97,39.84,0,False,False,False,True,False
8.39,2.37,8.08,2.48,18.87,0,False,False,True,False,False
4.29,3.0,5.33,13.32,1.93,0,True,False,False,False,False
7.27,2.85,9.68,35.92,3.06,0,True,False,False,False,False
5.1,0.19,3.48,28.5,5.12,0,False,False,False,False,True
6.22,3.75,7.49,23.48,8.47,0,False,False,True,False,False
3.95,4.75,8.44,34.54,29.62,0,False,False,False,False,True
7.68,1.74,6.28,19.92,22.35,0,False,False,False,False,True
4.25,0.9,8.28,1.31,31.07,0,False,False,False,False,True
4.57,2.7,9.49,22.05,0.79,0,False,False,False,True,False
5.18,3.52,8.21,45.11,10.6,0,False,True,False,False,False
8.32,3.39,5.17,42.83,16.22,0,True,False,False,False,False
6.59,3.06,6.93,20.45,17.16,0,False,False,False,True,False
3.49,0.73,9.38,1.11,2.14,0,False,True,False,False,False
6.7,4.18,6.14,31.82,20.46,0,True,False,False,False,False
6.42,2.13,7.77,37.06,11.46,0,False,False,True,False,False
9.31,1.11,6.26,14.71,7.66,0,True,False,False,False,False
8.41,0.43,3.85,23.83,26.85,0,True,False,False,False,False
6.47,2.08,3.41,49.59,3.35,0,True,False,False,False,False
3.42,3.09,9.67,28.82,34.68,0,False,False,False,False,False
7.8,3.33,7.29,17.55,35.99,0,False,False,True,False,False
5.75,4.81,3.73,31.37,13.02,0,False,False,False,True,False
9.85,0.77,9.0,9.0,39.48,0,False,False,False,True,False
2.48,4.93,6.66,9.96,16.05,0,False,True,False,False,False
0.8,3.27,8.4,46.25,38.49,0,False,False,False,True,False
0.7,2.27,3.89,11.96,39.48,0,False,False,False,False,True
6.4,4.44,9.35,15.54,33.08,0,True,False,False,False,False
9.39,3.47,7.13,27.19,4.99,0,False,False,False,True,False
0.02,1.74,8.17,44.98,23.38,0,False,True,False,False,False
7.26,4.42,3.22,39.07,29.28,0,False,True,False,False,False
6.57,3.33,5.21,2.19,3.1,0,False,False,False,False,True
7.32,3.49,4.87,34.65,35.75,0,False,True,False,False,False
3.55,4.48,9.65,25.2,34.07,0,False,False,False,False,False
8.2,2.24,4.3,23.78,37.35,1,True,False,False,False,False
0.45,3.28,7.95,34.58,20.57,0,True,False,False,False,False
7.55,3.72,3.3,9.81,12.97,0,True,False,False,False,False
2.67,2.27,4.38,49.07,20.25,0,False,False,True,False,False
4.77,0.42,5.37,32.27,29.17,0,False,False,False,True,False
8.23,3.86,8.56,18.28,16.65,0,False,False,False,False,False
2.71,0.24,8.53,30.01,14.07,0,False,False,False,True,False
1.85,3.59,9.67,10.82,3.08,0,False,False,False,False,False
6.81,4.55,9.42,31.69,17.89,0,False,False,False,True,False
5.33,1.73,3.57,1.41,15.72,0,False,False,False,False,True
5.14,0.51,8.81,17.06,26.53,0,False,True,False,False,False
2.57,1.16,6.16,37.38,17.55,0,False,True,False,False,False
0.35,2.81,9.06,40.4,0.16,0,False,False,False,False,True
4.1,4.71,3.63,12.65,19.37,0,False,False,False,False,False
1.07,2.56,8.76,26.97,30.95,0,False,False,True,False,False
9.06,0.56,4.12,26.42,37.81,1,False,False,False,False,False
0.41,3.14,5.34,21.07,7.72,0,False,True,False,False,False
4.32,3.66,3.2,11.42,16.9,0,False,False,True,False,False
0.52,1.97,3.87,35.16,33.9,0,False,False,False,True,False
0.96,3.61,6.12,12.62,1.71,0,False,False,True,False,False
6.59,1.62,8.73,45.55,14.0,0,False,False,False,False,False
6.47,3.95,8.42,26.43,23.64,0,False,False,False,False,True
0.33,1.71,4.65,43.52,13.7,0,False,False,False,True,False
0.01,1.28,4.06,14.54,19.58,0,False,False,False,False,False
0.79,4.4,5.72,40.35,37.56,0,False,False,False,True,False
7.63,2.74,9.18,5.68,0.96,0,False,False,True,False,False
5.85,1.43,3.64,38.34,3.12,0,False,True,False,False,False
0.38,4.68,6.8,19.35,7.88,0,False,False,False,False,False
4.88,3.45,3.62,23.5,15.4,0,False,False,False,False,True
7.12,1.1,6.29,8.34,18.83,0,False,False,True,False,False
8.69,3.07,3.89,0.93,1.47,0,False,False,False,False,False
9.34,4.35,3.56,33.31,35.3,1,False,False,False,False,True
3.27,3.48,4.34,29.39,30.34,0,False,False,False,False,False
1.36,1.22,4.79,31.12,10.72,0,False,False,True,False,False
2.37,3.24,4.93,12.75,10.27,0,False,False,False,False,False
7.76,3.1,7.52,11.96,1.02,0,False,False,False,True,False
9.71,4.1,3.38,41.51,15.97,0,False,False,True,False,False
4.66,0.89,3.57,38.06,10.18,0,False,False,False,False,False
3.05,3.5,4.32,16.84,24.74,0,False,True,False,False,False
4.29,0.14,9.1,31.89,21.92,0,False,False,False,False,False
3.05,3.48,7.4,41.41,38.29,0,False,False,False,True,False
2.56,4.8,8.11,44.44,31.81,0,False,False,False,False,True
5.94,0.87,5.59,0.29,3.23,0,False,False,False,False,True
0.16,1.56,4.49,40.67,28.17,0,False,False,False,False,True
2.6,2.91,3.27,17.52,4.28,0,False,True,False,False,False
6.61,3.66,6.42,35.92,12.92,0,False,False,False,True,False
0.32,1.72,7.02,18.57,22.2,0,False,False,True,False,False
0.83,3.32,9.28,30.31,19.83,0,False,False,False,False,True
2.93,4.5,9.17,32.34,27.73,0,False,False,False,True,False
8.78,3.63,5.97,20.25,32.4,0,False,False,False,False,False
7.65,3.56,5.97,25.64,33.18,0,False,True,False,False,False
0.22,1.91,4.13,36.32,2.33,0,False,False,False,True,False
5.02,4.56,4.8,23.82,25.67,0,False,False,False,True,False
2.75,1.39,9.48,0.7,38.46,0,False,False,True,False,False
6.49,1.03,3.99,0.65,30.2,0,False,False,False,True,False
7.22,1.82,9.78,33.07,20.8,0,False,False,True,False,False
8.63,3.25,6.53,42.36,39.94,0,False,True,False,False,False
4.75,4.31,6.2,39.26,1.76,0,False,True,False,False,False
9.94,0.66,4.22,15.52,3.53,0,False,False,False,False,False
9.8,4.07,7.63,23.56,30.73,0,False,False,True,False,False
8.82,4.06,6.22,11.71,21.99,0,False,False,True,False,False
5.75,2.93,5.59,49.46,4.98,0,False,False,False,False,True
3.98,3.8,4.85,13.03,15.01,0,False,False,False,False,True
3.64,0.91,3.47,20.81,2.57,0,False,False,False,False,False
0.12,0.85,6.64,34.06,21.06,0,False,True,False,False,False
2.49,4.31,5.19,43.8,4.16,0,True,False,False,False,False
7.19,2.49,7.96,2.57,0.28,0,False,False,False,False,True
6.04,1.23,8.06,15.05,12.9,0,False,False,False,True,False
9.16,3.44,5.32,28.45,9.35,0,False,True,False,False,False
0.5,4.46,7.68,30.92,14.48,0,True,False,False,False,False
1.55,3.16,4.81,3.5,14.02,0,False,False,False,True,False
7.89,1.74,8.09,33.2,25.2,0,False,False,True,False,False
3.59,2.42,3.11,26.4,27.2,0,False,True,False,False,False
1.18,3.76,4.06,41.38,5.09,0,False,False,False,False,False
9.96,0.34,4.72,11.11,19.55,0,False,False,True,False,False
7.87,1.09,8.41,9.75,35.57,0,False,False,True,False,False
4.09,2.31,3.46,39.67,5.94,0,False,False,False,True,False
8.23,3.02,4.32,35.19,38.67,0,False,False,True,False,False
6.81,1.7,5.51,39.58,0.77,0,False,False,False,False,True
7.9,1.49,3.06,39.1,3.99,0,False,True,False,False,False
8.15,0.21,8.33,5.2,7.1,0,False,False,False,False,True
0.85,0.16,6.92,13.93,18.79,0,False,False,False,True,False
6.23,1.39,9.3,13.0,11.97,0,True,False,False,False,False
0.07,2.65,3.22,46.73,16.73,0,False,False,False,True,False
0.43,2.78,4.9,24.37,37.63,0,False,True,False,False,False
9.04,2.47,8.12,5.55,13.66,0,False,False,True,False,False
5.28,2.05,7.73,14.48,33.92,0,False,False,False,False,False
7.36,1.26,4.7,43.6,2.91,0,False,False,False,True,False
8.39,2.0,7.17,42.35,32.48,0,False,True,False,False,False
9.5,0.69,8.56,45.02,36.06,1,False,False,False,False,False
8.69,0.58,3.23,19.43,11.4,0,False,False,True,False,False
4.83,1.5,8.02,32.07,21.88,0,True,False,False,False,False
3.36,4.98,4.76,13.91,7.49,0,False,False,False,True,False
1.54,1.63,9.63,9.04,3.63,0,True,False,False,False,False
4.0,4.68,6.77,1.1,30.82,0,False,True,False,False,False
3.66,1.96,3.23,11.17,25.19,0,True,False,False,False,False
5.6,2.2,5.82,30.22,30.09,0,True,False,False,False,False
6.66,3.99,9.76,45.21,17.59,0,False,True,False,False,False
9.78,0.47,8.11,6.67,9.98,0,False,True,False,False,False
7.28,0.91,5.1,45.9,17.07,0,False,False,False,True,False
6.44,4.87,7.03,17.27,2.59,0,True,False,False,False,False
3.35,2.53,7.19,21.34,11.34,0,False,False,False,False,False
0.35,0.22,3.16,18.25,11.9,0,False,True,False,False,False
2.88,0.24,4.25,20.43,28.58,0,False,False,True,False,False
7.68,4.54,6.86,12.96,2.13,0,True,False,False,False,False
2.05,4.37,5.82,34.93,9.81,0,False,True,False,False,False
7.12,2.29,4.33,37.91,11.06,0,False,False,False,False,False
5.8,0.82,8.41,41.16,22.05,0,False,False,False,True,False
1.72,4.15,6.42,17.06,9.79,0,True,False,False,False,False
2.62,1.62,5.17,38.23,5.3,0,False,True,False,False,False
4.96,2.1,4.13,31.88,10.32,0,False,True,False,False,False
4.18,3.41,7.28,47.9,16.88,0,False,False,True,False,False
7.79,1.77,7.66,21.24,21.02,0,False,False,True,False,False
7.34,3.14,7.69,49.62,1.46,0,True,False,False,False,False
5.75,4.43,4.54,37.02,12.39,0,False,True,False,False,False
8.22,3.99,7.17,38.81,30.57,0,True,False,False,False,False
5.63,1.91,9.34,1.29,23.9,0,False,True,False,False,False
9.64,1.44,5.47,24.87,18.24,0,False,False,True,False,False
2.17,1.43,4.48,26.42,18.12,0,False,False,False,False,False
7.14,1.74,8.41,2.03,14.76,0,False,False,False,False,True
3.7,2.47,4.24,15.61,13.68,0,False,False,False,False,True
2.79,2.08,4.78,47.78,16.03,0,False,True,False,False,False
1.8,0.67,3.7,21.31,34.77,0,False,False,True,False,False
5.53,0.82,4.88,9.34,18.75,0,False,False,False,True,False
2.15,1.71,5.87,25.67,26.77,0,False,False,False,True,False
2.0,2.81,3.45,1.69,32.31,0,False,False,False,False,True
9.91,2.96,9.1,25.8,17.28,0,False,False,False,False,False
8.02,2.43,6.6,29.71,33.57,0,False,False,False,False,True
7.48,3.69,7.12,17.88,39.71,0,False,True,False,False,False
7.94,3.69,5.6,38.13,20.17,0,False,False,False,False,False
9.69,2.14,7.69,6.79,16.11,0,False,False,False,True,False
5.73,0.62,6.02,43.91,32.23,0,False,False,True,False,False
2.2,2.65,8.33,47.77,25.97,0,False,False,True,False,False
8.62,1.91,8.75,0.06,24.53,0,False,True,False,False,False
7.43,0.69,7.7,42.14,35.44,1,False,False,False,False,True
4.14,4.91,6.44,25.31,25.98,0,False,True,False,False,False
4.74,1.85,8.48,23.07,25.66,0,False,False,True,False,False
4.11,3.13,6.46,11.93,8.28,0,False,False,False,True,False
9.3,2.45,3.78,22.37,27.53,0,False,False,True,False,False
3.44,0.71,3.81,47.52,36.52,0,False,False,False,False,False
9.63,0.28,9.64,10.54,23.05,0,True,False,False,False,False
9.1,3.13,4.49,8.95,36.13,0,False,False,True,False,False
6.31,1.24,8.71,12.09,13.58,0,False,False,True,False,False
5.8,1.22,4.73,27.59,1.7,0,True,False,False,False,False
3.7,4.78,6.02,46.51,17.81,0,False,False,False,False,False
0.18,2.31,7.58,28.69,0.16,0,False,False,False,False,True
1.28,0.15,4.11,12.17,6.19,0,False,False,True,False,False
7.54,1.7,8.16,22.02,7.62,0,False,True,False,False,False
4.72,2.92,7.83,19.52,21.35,0,False,False,True,False,False
1.5,1.64,6.8,2.33,38.0,0,False,True,False,False,False
2.64,0.13,6.96,25.53,0.79,0,False,False,False,False,False
9.48,2.22,3.74,6.3,9.47,0,False,False,True,False,False
3.67,0.53,6.05,42.11,38.78,0,False,False,False,False,False
9.08,3.1,3.61,27.45,35.27,1,False,False,False,False,False
3.05,3.1,5.16,42.23,33.39,0,False,False,False,False,True
5.43,0.19,9.3,47.8,3.67,0,False,False,True,False,False
0.2,1.45,7.02,47.16,25.76,0,False,True,False,False,False
5.22,2.07,8.2,5.02,8.13,0,False,True,False,False,False
6.37,2.75,7.02,47.24,26.04,0,False,False,True,False,False
2.34,1.48,4.36,39.79,17.1,0,True,False,False,False,False
5.79,1.44,7.16,38.88,25.43,0,False,False,False,False,True
6.47,4.92,8.29,4.51,17.15,0,False,False,False,False,True
6.87,0.21,3.97,8.98,36.31,1,False,False,False,False,True
7.76,4.95,8.72,48.76,1.01,0,False,True,False,False,False
3.11,0.24,6.89,10.67,7.66,0,False,False,False,False,False
5.68,1.44,3.03,8.45,33.32,0,True,False,False,False,False
9.82,2.47,6.64,18.12,29.47,0,False,False,False,False,True
8.98,0.72,5.77,45.67,7.45,0,False,True,False,False,False
9.53,0.67,5.08,23.81,4.86,0,False,True,False,False,False
3.86,1.28,8.4,46.03,12.45,0,False,False,False,False,False
7.87,4.87,9.3,16.72,19.27,0,False,False,True,False,False
6.2,1.9,8.34,11.33,1.88,0,False,False,True,False,False
0.83,2.83,8.93,24.76,33.82,0,False,False,False,False,True
8.24,3.52,9.36,30.77,20.84,0,False,False,False,False,True
6.77,3.71,9.39,19.57,36.78,1,True,False,False,False,False
1.99,3.44,3.8,17.3,13.03,0,False,False,False,False,False
0.8,1.68,6.19,10.9,1.95,0,False,False,False,False,True
8.37,0.56,3.0,13.75,34.85,0,False,False,False,False,False
0.79,1.41,6.55,33.66,5.98,0,False,True,False,False,False
0.91,1.05,9.47,18.49,13.43,0,False,False,False,False,True
4.27,0.68,4.39,3.99,18.57,0,False,True,False,False,False
1.35,0.12,7.48,6.91,19.68,0,False,False,False,True,False
9.14,4.68,7.51,18.62,0.94,0,False,False,False,False,False
4.7,4.61,4.12,46.23,21.07,0,False,False,False,True,False
5.69,0.25,4.67,18.95,3.08,0,False,False,False,False,True
9.28,0.87,6.23,3.03,13.07,0,False,True,False,False,False
5.3,0.7,4.32,20.9,39.02,1,False,False,False,False,True
3.54,1.41,7.09,33.44,11.21,0,False,False,False,True,False
7.97,1.02,6.39,29.68,32.51,0,False,False,False,False,True
4.43,4.73,6.63,13.94,20.41,0,True,False,False,False,False
3.18,0.42,3.94,34.4,8.1,0,False,False,True,False,False
7.23,1.06,6.62,31.53,28.88,0,False,False,False,True,False
8.02,0.4,3.35,8.61,22.21,0,False,False,False,False,True
7.92,4.9,9.17,8.11,21.32,0,False,True,False,False,False
9.78,4.59,5.4,27.36,1.2,0,False,False,False,False,True
7.87,3.58,8.99,32.97,13.35,0,False,True,False,False,False
7.7,2.13,7.91,48.1,29.39,0,False,False,True,False,False
8.57,0.95,8.36,21.1,31.84,0,False,False,False,False,True
0.0,1.11,5.2,38.25,32.59,0,False,False,True,False,False
3.62,2.22,4.59,5.83,1.5,0,False,False,False,True,False
7.38,3.84,5.85,44.48,6.51,0,False,True,False,False,False
6.0,1.32,3.17,31.66,39.42,1,True,False,False,False,False
1.78,1.55,9.43,31.45,6.22,0,False,False,False,True,False
3.04,3.0,5.71,7.12,8.52,0,False,True,False,False,False
3.37,1.19,9.92,1.98,32.1,0,False,False,True,False,False
5.68,2.92,8.33,35.07,15.74,0,False,False,False,False,False
8.32,1.94,3.56,5.85,4.65,0,False,False,False,False,True
9.32,0.17,7.62,6.35,5.0,0,False,False,True,False,False
7.5,2.01,4.9,9.38,3.35,0,False,True,False,False,False
8.43,4.6,4.71,4.89,7.23,0,False,True,False,False,False
4.7,1.47,4.8,31.27,19.88,0,False,True,False,False,False
3.9,1.61,9.41,21.1,0.6,0,False,True,False,False,False
3.93,0.33,6.5,13.3,4.69,0,False,False,False,False,True
6.16,3.08,7.69,22.04,36.28,0,False,False,False,True,False
1.24,4.25,4.97,42.21,35.06,0,True,False,False,False,False
5.79,1.76,6.66,46.35,33.32,0,False,False,False,False,False
6.65,1.2,5.45,24.37,28.25,0,False,False,False,False,True
4.39,4.78,5.25,28.34,26.46,0,False,True,False,False,False
9.53,3.73,4.73,12.86,11.02,0,False,False,False,False,True
6.08,2.84,5.86,25.68,13.4,0,False,False,True,False,False
2.2,1.53,7.62,37.41,9.43,0,True,False,False,False,False
4.79,1.1,4.55,24.61,39.21,0,False,True,False,False,False
6.75,3.58,9.76,15.1,25.37,0,False,False,False,False,False
3.24,2.61,3.87,29.1,38.63,0,False,True,False,False,False
0.8,2.6,6.36,47.33,10.87,0,True,False,False,False,False
5.83,0.37,3.6,44.4,24.85,0,False,False,False,False,False
9.48,2.56,3.16,38.46,30.36,0,True,False,False,False,False
4.85,4.11,9.46,13.81,3.79,0,False,False,False,False,False
9.06,4.73,8.67,12.08,26.68,0,False,False,False,True,False
8.35,0.53,7.86,41.93,6.76,0,False,False,False,True,False
1.47,3.16,9.06,9.07,13.12,0,False,False,False,False,True
7.08,2.84,8.62,30.28,28.65,0,False,False,False,False,True
4.35,4.45,7.53,21.95,17.6,0,False,False,False,False,False
2.5,3.76,8.93,23.4,36.85,0,False,True,False,False,False
6.87,4.83,5.74,22.73,9.65,0,False,False,True,False,False
7.43,4.8,6.87,45.0,6.15,0,False,False,True,False,False
1.8,1.13,8.43,4.35,13.49,0,False,True,False,False,False
9.14,3.63,3.59,39.15,34.08,0,False,True,False,False,False
7.51,2.65,9.01,41.75,33.9,0,False,False,False,True,False
9.33,1.07,4.1,47.14,14.77,0,False,False,True,False,False
3.17,0.97,9.05,22.63,32.39,0,False,False,False,False,False
9.39,0.41,5.18,25.0,3.11,0,True,False,False,False,False
3.69,3.98,5.29,48.06,0.3,0,False,False,False,False,True
0.54,1.62,3.52,22.92,34.59,0,True,False,False,False,False
7.63,4.28,9.2,25.18,34.96,0,False,False,False,True,False
7.04,3.04,4.22,16.61,5.74,0,False,False,True,False,False
5.98,3.37,7.41,1.58,11.91,0,False,True,False,False,False
4.9,1.46,7.51,21.65,34.02,0,False,False,True,False,False
0.32,2.29,4.97,32.75,3.35,0,False,False,False,False,False
6.25,2.06,9.9,34.5,34.52,0,False,False,False,True,False
4.17,1.18,3.45,0.33,22.99,0,False,True,False,False,False
5.6,4.16,7.26,40.05,26.29,0,True,False,False,False,False
4.29,3.11,6.36,24.62,23.79,0,False,False,False,False,False
9.66,0.19,4.72,26.04,23.3,0,True,False,False,False,False
6.04,4.1,4.14,48.09,7.4,0,False,False,False,False,True
7.49,0.53,8.16,14.22,9.44,0,False,False,False,True,False
9.36,2.02,9.41,38.08,23.2,0,False,False,False,False,False
5.92,2.86,3.75,28.74,16.06,0,False,False,False,False,False
0.12,0.04,4.36,35.04,21.65,0,True,False,False,False,False
0.34,3.26,9.9,20.89,10.13,0,False,True,False,False,False
7.02,3.3,3.11,13.96,18.55,0,False,False,False,False,True
2.79,3.26,6.56,27.31,5.74,0,True,False,False,False,False
5.79,0.82,6.61,18.75,1.54,0,False,False,False,False,False
2.02,1.28,4.84,11.15,38.04,0,False,False,False,True,False
2.7,1.24,7.64,41.96,28.92,0,False,False,False,False,False
5.05,4.8,9.61,23.79,19.92,0,False,False,True,False,False
9.76,0.34,6.15,42.37,22.04,0,False,False,False,True,False
6.16,2.14,8.25,23.7,20.45,0,False,False,False,True,False
9.36,4.36,7.52,27.84,35.95,1,False,False,False,False,False
9.59,3.85,6.31,49.76,30.95,0,False,True,False,False,False
2.08,4.11,3.35,47.58,13.01,0,False,False,False,True,False
3.11,4.86,8.19,13.58,8.73,0,False,False,True,False,False
7.7,1.94,5.54,43.43,2.66,0,True,False,False,False,False
8.67,1.55,4.57,19.52,5.91,0,False,True,False,False,False
5.19,0.15,9.64,3.56,19.6,0,False,True,False,False,False
9.93,0.75,8.41,28.79,8.1,0,False,True,False,False,False
0.12,2.81,9.74,48.85,12.5,0,False,False,False,True,False
3.0,0.79,4.79,48.72,5.33,0,False,True,False,False,False
6.23,3.68,8.85,6.32,36.91,1,False,False,False,False,False
4.69,0.19,7.25,38.56,1.35,0,False,True,False,False,False
1.17,1.3,9.87,40.14,14.07,0,False,False,True,False,False
3.68,3.48,9.62,18.44,10.33,0,False,False,False,False,True
0.25,1.28,9.81,32.93,0.33,0,False,False,True,False,False
6.43,3.64,9.66,24.41,37.14,0,False,False,False,True,False
8.93,4.98,3.05,11.39,12.54,0,False,True,False,False,False
8.85,3.99,8.19,38.06,20.09,0,False,True,False,False,False
7.0,1.71,4.9,13.14,23.3,0,False,False,False,False,False
4.66,4.5,7.94,17.02,24.42,0,True,False,False,False,False
5.12,0.26,9.86,9.5,18.41,0,False,True,False,False,False
1.37,3.63,3.28,35.96,23.75,0,False,False,True,False,False
3.41,0.12,6.97,22.94,30.07,0,False,False,False,True,False
1.88,0.87,8.14,22.17,38.08,0,False,False,False,False,True
8.21,4.94,4.77,30.23,26.28,0,False,True,False,False,False
9.15,1.8,4.58,7.86,18.49,0,False,False,False,False,True
5.37,4.1,3.42,44.91,17.78,0,False,True,False,False,False
7.28,1.88,3.66,23.26,28.39,0,False,False,False,True,False
1.21,4.2,7.6,18.33,25.08,0,True,False,False,False,False
6.09,4.83,6.54,6.33,16.82,0,False,False,True,False,False
7.03,2.18,3.21,8.4,13.44,0,False,False,False,True,False
4.53,2.8,9.79,46.02,39.73,0,False,False,False,False,True
2.43,3.14,7.59,22.83,30.67,0,False,True,False,False,False
8.77,4.67,6.61,36.11,8.27,0,False,False,False,False,True
7.43,1.28,4.91,4.03,11.69,0,False,False,True,False,False
9.0,3.06,7.61,32.17,35.75,0,False,False,False,True,False
8.18,1.62,5.55,46.08,26.43,0,False,False,False,False,True
9.9,1.08,7.92,15.0,12.43,0,False,False,False,False,True
1.92,0.42,7.78,28.96,14.57,0,False,False,True,False,False
0.87,3.1,3.65,47.01,15.16,0,False,True,False,False,False
3.37,4.41,9.36,35.97,7.45,0,False,False,False,False,True
1.29,1.76,6.41,3.12,20.45,0,False,False,True,False,False
5.23,2.76,5.75,18.94,30.62,0,False,True,False,False,False
6.33,3.21,9.69,4.29,22.56,0,True,False,False,False,False
5.78,2.07,6.07,43.07,26.24,0,False,True,False,False,False
2.59,4.52,8.05,31.08,23.82,0,True,False,False,False,False
9.09,1.81,7.59,47.82,2.36,0,False,False,False,True,False
0.21,0.63,4.16,0.99,7.52,0,False,False,True,False,False
3.48,0.72,9.94,21.15,14.01,0,False,True,False,False,False
7.19,4.45,6.25,5.22,35.57,1,True,False,False,False,False
7.67,4.94,5.76,17.52,13.95,0,True,False,False,False,False
4.16,1.44,9.44,8.09,13.08,0,False,False,False,True,False
0.17,0.72,6.7,16.44,3.22,0,False,False,False,False,False
6.18,2.41,7.94,40.96,38.88,0,False,False,True,False,False
0.63,3.55,8.92,8.03,31.14,0,False,False,False,False,False
1.08,3.06,4.65,23.68,30.64,0,False,True,False,False,False
6.5,4.76,4.19,46.08,15.35,0,False,False,True,False,False
3.12,4.09,3.48,49.94,3.13,0,False,False,False,True,False
3.48,4.34,9.28,12.53,10.54,0,False,True,False,False,False
4.87,2.71,4.4,46.78,34.12,0,False,False,True,False,False
9.79,1.64,5.15,13.07,7.21,0,False,False,True,False,False
9.65,3.51,5.0,20.68,35.77,1,False,False,False,False,False
4.16,2.2,5.13,43.9,21.43,0,False,True,False,False,False
2.65,1.44,7.68,39.31,28.58,0,False,False,False,True,False
3.03,0.76,9.68,42.87,18.15,0,False,False,False,True,False
2.69,2.64,5.31,40.01,37.29,0,False,True,False,False,False
5.32,2.97,5.85,11.75,9.59,0,False,True,False,False,False
6.07,2.84,8.4,27.94,22.9,0,True,False,False,False,False
4.89,0.58,6.03,19.26,2.76,0,False,False,False,False,True
4.08,2.85,9.48,22.99,19.22,0,False,False,False,False,False
2.11,0.84,6.52,7.7,38.91,0,False,True,False,False,False
4.83,3.32,5.43,15.79,3.53,0,False,True,False,False,False
3.41,2.15,9.8,42.88,20.27,0,False,False,False,False,True
5.42,4.24,5.98,44.88,24.09,0,False,False,False,False,True
6.75,3.89,4.62,30.51,37.27,0,False,False,True,False,False
6.33,3.62,4.24,24.91,11.9,0,False,False,False,True,False
4.62,3.5,9.97,35.64,20.12,0,False,False,False,False,False
5.56,2.8,8.27,30.44,39.49,0,False,False,True,False,False
2.85,0.31,5.86,49.18,30.76,0,False,True,False,False,False
0.24,3.28,8.78,9.5,32.42,0,False,False,False,False,True
6.25,2.33,6.83,22.45,31.22,0,True,False,False,False,False
2.53,2.35,5.22,45.91,20.61,0,False,False,False,True,False
6.69,1.9,8.2,45.74,17.37,0,False,False,True,False,False
7.47,4.65,8.22,24.77,10.19,0,True,False,False,False,False
9.16,1.25,6.5,6.74,18.64,0,False,False,False,True,False
9.58,1.58,3.32,40.75,0.82,0,True,False,False,False,False
0.11,4.82,3.54,29.26,3.88,0,False,False,False,False,True
9.9,4.05,8.52,38.66,11.49,0,False,False,True,False,False
6.83,0.07,8.76,23.13,13.35,0,False,False,True,False,False
6.44,4.53,7.75,10.19,28.3,0,False,False,False,True,False
0.15,1.13,8.87,1.2,6.86,0,True,False,False,False,False
8.61,3.53,8.04,27.96,31.83,0,False,False,False,False,True
1.45,2.77,9.28,8.05,32.03,0,False,True,False,False,False
8.37,2.68,4.05,9.36,23.48,0,False,False,True,False,False
0.16,3.59,5.71,21.82,19.66,0,False,True,False,False,False
6.46,1.04,6.25,22.1,18.7,0,False,False,False,False,True
4.35,0.8,5.08,13.72,16.82,0,False,False,True,False,False
2.01,3.26,8.08,6.6,3.54,0,False,False,True,False,False
1.08,1.45,9.39,47.25,26.22,0,True,False,False,False,False
4.4,4.87,5.89,6.58,23.09,0,False,True,False,False,False
1.23,2.26,9.59,17.54,0.63,0,True,False,False,False,False
4.86,0.56,6.62,15.24,8.11,0,False,False,False,False,False
6.25,3.43,6.66,43.32,17.45,0,False,True,False,False,False
8.27,1.53,7.2,20.5,36.05,0,False,True,False,False,False
6.79,0.74,4.88,6.2,39.61,1,False,False,False,False,False
0.65,2.11,5.68,0.51,30.05,0,False,False,False,False,True
3.07,4.82,6.87,36.1,29.97,0,False,False,False,False,True
2.88,2.06,9.59,35.73,16.61,0,False,False,True,False,False
9.15,1.74,7.5,20.89,22.84,0,False,False,False,True,False
8.68,2.22,5.33,6.32,9.31,0,True,False,False,False,False
3.7,0.06,3.07,18.58,29.53,0,False,False,False,True,False
0.71,0.67,9.87,29.49,2.39,0,False,False,True,False,False
8.94,4.25,6.45,35.2,16.69,0,False,False,False,True,False
8.88,4.89,9.57,3.91,33.25,0,False,True,False,False,False
8.55,0.79,6.85,27.82,39.19,0,False,True,False,False,False
8.45,2.68,7.24,13.81,27.86,0,False,False,False,False,False
4.8,4.83,7.98,30.86,7.89,0,False,False,False,False,False
1.77,0.78,5.25,32.41,22.84,0,False,False,True,False,False
4.77,0.93,7.89,45.53,22.42,0,False,False,True,False,False
4.95,4.63,6.69,20.52,38.63,0,False,False,True,False,False
4.9,3.53,7.71,26.88,33.61,0,False,True,False,False,False
5.39,0.76,8.85,13.41,1.96,0,False,False,False,True,False
2.58,1.97,4.29,14.33,8.8,0,True,False,False,False,False
3.66,0.28,7.29,2.3,33.68,0,False,False,True,False,False
4.34,2.16,3.36,14.3,38.9,0,False,False,True,False,False
1.31,3.89,3.71,3.19,11.79,0,False,True,False,False,False
4.55,2.77,7.72,48.2,27.63,0,True,False,False,False,False
8.1,3.24,3.5,31.21,12.31,0,False,True,False,False,False
8.28,1.63,7.17,8.66,1.64,0,True,False,False,False,False
4.12,0.81,4.54,5.84,33.18,0,False,True,False,False,False
5.19,0.07,5.13,18.51,29.55,0,False,False,False,True,False
0.34,4.11,3.91,15.38,2.13,0,False,False,True,False,False
6.74,3.18,4.74,13.96,5.82,0,False,False,False,False,True
4.05,1.15,8.75,23.41,39.98,0,False,False,False,False,True
4.45,2.09,7.47,45.64,26.03,0,False,False,True,False,False
8.74,4.01,9.65,28.4,32.02,0,False,False,True,False,False
4.62,2.69,3.34,26.06,15.55,0,False,False,True,False,False
0.21,1.5,8.55,40.33,20.73,0,False,False,True,False,False
2.27,1.34,7.89,0.2,24.8,0,True,False,False,False,False
4.76,1.09,4.83,9.87,32.24,0,False,False,False,True,False
4.24,4.12,8.1,24.81,13.56,0,False,False,False,False,True
8.6,2.91,8.02,35.27,26.89,0,False,False,False,False,False
5.42,3.55,6.22,24.25,31.03,0,False,False,False,False,True
6.9,4.3,7.82,8.19,32.21,0,False,False,False,False,True
4.69,4.93,6.11,46.5,19.97,0,False,True,False,False,False
4.4,1.25,5.35,16.43,18.93,0,False,False,True,False,False
4.46,0.9,6.27,39.41,4.18,0,False,False,True,False,False
4.11,2.31,9.27,44.57,19.91,0,False,False,True,False,False
5.39,0.18,5.69,17.32,28.08,0,False,True,False,False,False
2.5,3.96,5.83,42.27,36.82,0,False,False,False,True,False
8.91,4.42,7.26,35.54,5.01,0,False,False,False,True,False
3.33,3.43,8.27,45.21,38.76,0,False,False,False,False,False
1.48,1.34,8.14,12.57,9.36,0,False,False,False,True,False
0.97,0.62,3.14,46.56,7.03,0,False,False,False,True,False
0.13,1.91,7.81,3.27,4.58,0,False,False,True,False,False
4.23,4.17,6.15,39.68,39.61,0,True,False,False,False,False
1.88,1.74,6.67,21.78,22.44,0,False,False,False,False,True
0.22,0.17,6.93,8.89,10.82,0,False,False,False,True,False
5.2,1.37,8.12,3.97,12.7,0,False,False,False,True,False
6.8,4.95,8.82,19.48,38.01,0,False,True,False,False,False
0.86,3.38,7.52,19.47,36.0,0,False,False,False,False,False
4.61,4.5,6.95,11.5,14.0,0,True,False,False,False,False
7.44,3.87,5.62,10.78,2.54,0,False,True,False,False,False
9.86,2.7,3.97,19.98,33.34,0,False,False,True,False,False
6.67,0.74,9.71,20.51,36.58,1,False,False,False,False,True
2.45,1.74,6.23,22.12,33.5,0,False,False,False,False,False
7.17,2.92,6.96,43.44,36.52,0,False,True,False,False,False
5.98,4.35,8.26,30.56,23.04,0,False,False,False,True,False
2.12,1.34,3.48,1.02,33.59,0,False,False,False,True,False
8.51,0.61,8.99,25.95,37.76,1,False,False,False,False,False
4.27,2.79,8.58,38.12,35.6,0,False,False,False,True,False
9.62,0.88,8.42,2.82,23.49,0,False,True,False,False,False
7.23,3.05,3.15,21.13,29.86,0,False,True,False,False,False
6.45,1.32,6.69,22.56,28.85,0,False,False,False,True,False
7.28,1.15,3.38,47.7,32.12,0,False,False,False,True,False
4.78,2.0,6.86,23.78,9.15,0,False,False,True,False,False
5.05,2.97,8.03,37.5,0.09,0,False,False,False,False,True
8.51,2.73,3.85,15.15,20.4,0,False,False,False,False,False
6.81,1.22,7.86,38.97,30.62,0,False,True,False,False,False
8.97,4.46,6.15,16.13,5.0,0,False,False,False,False,False
8.91,0.55,8.68,21.5,21.31,0,False,False,True,False,False
9.76,0.2,6.74,23.97,12.58,0,False,True,False,False,False
7.0,3.01,5.35,46.32,33.53,0,False,False,True,False,False
5.02,0.62,5.32,2.67,4.01,0,False,False,True,False,False
1.66,2.52,9.28,9.84,33.92,0,True,False,False,False,False
7.05,4.76,6.17,35.29,24.43,0,False,False,False,True,False
2.92,3.49,5.84,28.88,36.78,0,True,False,False,False,False
2.83,3.09,3.28,12.58,37.43,0,False,False,False,False,False
2.38,2.87,5.55,14.46,32.36,0,False,False,False,False,False
8.75,0.9,8.95,18.37,21.2,0,False,False,False,True,False
8.68,2.16,8.33,22.52,5.7,0,True,False,False,False,False
6.31,1.71,4.55,40.9,9.02,0,False,False,False,False,False
4.73,4.77,5.89,0.69,16.71,0,True,False,False,False,False
6.72,1.21,4.38,44.9,29.16,0,False,False,False,True,False
6.07,2.36,9.68,20.65,21.79,0,False,True,False,False,False
4.16,4.69,7.19,11.52,17.53,0,False,False,True,False,False
3.8,3.95,8.28,25.42,19.1,0,False,False,True,False,False
3.83,4.82,8.0,32.98,29.66,0,True,False,False,False,False
5.89,3.04,9.12,2.24,1.37,0,False,False,False,False,False
6.48,1.67,9.65,35.79,17.71,0,True,False,False,False,False
4.52,4.13,3.23,38.04,22.91,0,True,False,False,False,False
9.69,1.46,9.83,8.31,23.55,0,False,False,False,False,True
0.84,0.82,9.09,8.39,24.75,0,False,False,True,False,False
3.47,3.53,5.68,10.19,2.14,0,False,False,False,True,False
4.19,3.19,8.86,39.83,22.32,0,True,False,False,False,False
0.17,4.39,8.16,13.6,22.02,0,False,False,False,False,True
3.65,4.81,8.55,39.8,34.19,0,False,False,False,False,True
2.74,4.29,4.54,27.03,30.4,0,False,False,True,False,False
5.06,0.3,7.54,38.36,1.25,0,False,False,True,False,False
3.36,3.32,3.18,27.68,22.24,0,False,False,True,False,False
7.26,3.92,8.94,16.79,27.64,0,False,False,False,True,False
5.1,4.91,9.66,45.54,23.21,0,False,False,False,False,True
1.3,1.87,7.63,35.76,27.05,0,False,False,False,False,False
7.5,0.85,6.59,24.2,4.67,0,False,False,False,True,False
0.99,4.26,8.08,31.87,6.77,0,False,True,False,False,False
8.39,1.59,5.28,30.79,23.31,0,True,False,False,False,False
9.31,2.99,7.38,17.91,32.03,0,False,False,True,False,False
3.22,1.95,8.03,21.19,1.04,0,False,False,False,False,True
9.26,2.01,4.0,15.91,17.45,0,True,False,False,False,False
7.93,3.66,3.98,49.98,39.68,0,False,False,False,True,False
9.22,1.81,8.01,29.0,30.63,0,False,True,False,False,False
6.66,3.47,6.02,4.6,18.01,0,False,False,False,True,False
2.36,0.07,9.22,25.96,3.92,0,False,False,False,True,False
8.95,1.62,5.18,2.5,14.37,0,False,False,False,False,False
1.84,1.6,3.3,14.43,6.18,0,True,False,False,False,False
2.13,3.74,7.55,22.3,36.83,0,False,False,False,False,False
2.71,1.57,7.79,26.71,27.43,0,False,False,False,True,False
3.04,3.17,6.88,48.81,34.23,0,False,True,False,False,False
5.14,3.44,7.78,49.11,35.9,1,False,False,False,False,True
7.13,3.29,6.67,4.9,24.28,0,False,False,False,False,True
9.26,3.02,7.85,26.91,0.26,0,True,False,False,False,False
0.88,2.07,3.31,40.86,22.24,0,False,False,True,False,False
9.54,1.87,5.58,11.89,32.1,0,False,False,True,False,False
9.21,2.82,4.48,37.53,12.58,0,False,False,False,False,True
0.54,0.32,3.7,43.93,37.11,0,False,False,False,True,False
3.6,4.38,4.64,33.12,39.87,0,False,False,False,True,False
8.13,4.13,4.34,16.39,21.97,0,False,False,False,False,False
6.12,1.73,9.81,46.16,21.25,0,True,False,False,False,False
7.79,2.83,5.01,44.18,26.21,0,False,False,False,False,False
7.19,4.66,4.62,35.79,22.65,0,False,False,True,False,False
4.97,1.36,8.84,18.18,6.42,0,False,False,False,False,True
0.41,3.71,5.93,39.59,10.84,0,False,False,False,True,False
5.84,0.41,5.95,15.81,8.07,0,False,False,False,False,True
0.49,2.62,6.11,12.65,2.89,0,False,True,False,False,False
6.04,4.42,5.92,25.75,5.62,0,False,False,False,False,True
8.0,2.76,5.29,49.86,38.89,0,False,True,False,False,False
5.85,3.08,5.0,40.22,22.2,0,False,False,False,False,False
9.97,4.54,9.17,36.49,5.04,0,False,False,False,False,False
4.56,3.58,4.13,22.6,28.52,0,False,False,True,False,False
7.49,3.48,4.27,15.6,19.07,0,False,False,False,False,True
6.67,2.93,7.0,42.8,8.99,0,False,False,False,False,True
9.91,3.16,5.41,28.39,37.74,0,False,True,False,False,False
7.13,4.02,5.95,40.66,8.98,0,False,False,False,False,False
1.64,4.9,8.65,24.39,3.9,0,False,True,False,False,False
9.56,3.98,9.33,37.7,8.23,0,False,False,False,False,False
6.68,3.54,8.53,43.39,36.48,0,False,True,False,False,False
0.59,0.68,4.64,19.57,34.31,0,False,False,False,False,False
6.58,4.09,9.86,0.68,35.77,0,False,True,False,False,False
8.83,3.68,5.54,12.75,36.65,1,False,False,False,False,False
5.77,3.85,4.18,45.75,3.1,0,True,False,False,False,False
3.54,1.16,6.5,34.38,28.45,0,False,True,False,False,False
8.21,4.52,8.08,36.86,26.58,0,False,False,False,False,True
7.83,0.49,3.58,16.26,39.72,0,False,False,True,False,False
5.44,1.27,7.44,35.06,28.59,0,True,False,False,False,False
1.54,3.32,9.01,32.31,31.68,0,True,False,False,False,False
2.51,3.37,4.83,8.92,28.6,0,False,True,False,False,False
7.38,1.57,7.85,48.43,24.82,0,False,False,True,False,False
8.06,3.51,5.8,17.7,22.12,0,False,False,False,False,True
2.79,1.94,5.9,16.46,38.77,0,True,False,False,False,False
3.68,0.0,4.97,18.46,37.45,0,False,False,False,False,True
0.78,0.81,7.37,4.59,17.51,0,False,False,False,False,False
7.13,4.41,5.53,31.25,11.37,0,False,False,True,False,False
0.04,1.11,8.82,11.93,20.36,0,False,False,False,True,False
0.47,0.56,9.74,40.17,29.84,0,False,False,False,False,False
0.04,3.41,9.55,19.71,16.04,0,False,False,True,False,False
6.45,2.2,4.14,22.93,21.49,0,False,True,False,False,False
4.17,3.98,3.1,32.32,11.95,0,False,True,False,False,False
2.98,4.31,6.07,38.09,17.11,0,False,False,False,False,True
9.13,4.23,8.1,11.56,38.29,1,True,False,False,False,False
1.93,1.57,9.84,48.31,8.59,0,False,False,False,True,False
3.89,2.53,8.48,31.12,39.55,0,False,True,False,False,False
9.4,3.25,7.06,0.28,8.62,0,False,False,True,False,False
4.27,1.61,3.18,20.78,12.77,0,True,False,False,False,False
5.55,0.21,8.78,21.84,3.49,0,True,False,False,False,False
0.8,2.48,4.24,40.46,30.08,0,False,False,True,False,False
7.9,0.06,3.39,15.26,0.71,0,True,False,False,False,False
4.23,4.75,8.95,16.56,31.51,0,False,True,False,False,False
8.01,3.98,6.96,3.52,23.09,0,False,False,True,False,False
2.54,0.96,3.9,14.18,29.95,0,False,False,True,False,False
4.22,1.44,5.71,35.85,31.32,0,False,False,False,False,True
7.87,4.91,3.6,31.74,4.98,0,False,False,False,True,False
9.74,1.87,7.47,4.07,0.86,0,False,False,False,False,True
0.6,3.92,4.98,5.73,6.75,0,False,False,False,True,False
8.12,2.23,9.06,18.85,15.36,0,False,False,True,False,False
3.01,4.32,5.5,37.19,2.93,0,True,False,False,False,False
5.51,3.52,6.46,41.65,18.27,0,False,False,False,True,False
2.9,0.11,3.44,0.73,11.4,0,False,False,True,False,False
6.13,1.47,4.93,16.45,14.55,0,False,False,True,False,False
3.54,2.79,7.74,21.21,37.61,0,False,False,False,False,True
3.34,4.63,8.15,45.56,28.97,0,False,False,False,False,True
0.38,0.51,4.7,25.07,26.33,0,True,False,False,False,False
1.47,3.01,6.53,13.49,26.14,0,False,False,False,False,False
9.17,1.51,8.72,19.5,22.22,0,False,True,False,False,False
9.98,4.45,5.66,21.82,20.52,0,False,False,False,False,False
7.81,3.83,3.94,33.5,35.29,1,False,False,False,False,False
2.87,1.85,6.02,2.05,3.0,0,True,False,False,False,False
4.02,0.84,7.2,19.47,11.54,0,False,False,False,True,False
7.4,0.06,3.05,32.33,4.17,0,True,False,False,False,False
9.69,3.11,5.44,14.17,0.44,0,True,False,False,False,False
4.55,2.03,7.25,29.59,0.55,0,False,False,True,False,False
8.3,1.57,9.66,17.86,0.96,0,False,False,True,False,False
9.75,4.93,5.86,37.94,27.27,0,False,False,True,False,False
8.73,2.33,4.14,3.03,4.46,0,False,True,False,False,False
2.27,3.75,6.74,45.9,8.1,0,False,False,False,True,False
0.08,0.89,5.0,8.58,16.76,0,False,False,False,True,False
4.92,0.07,4.5,7.93,10.77,0,False,False,True,False,False
5.31,2.09,7.13,42.03,32.67,0,False,False,False,False,False
2.01,3.33,9.41,43.46,24.94,0,False,True,False,False,False
2.85,2.53,8.85,4.65,13.33,0,False,False,False,False,False
7.65,4.45,4.28,45.44,12.71,0,False,False,False,False,True
4.7,2.17,8.36,13.66,27.35,0,False,False,False,True,False
3.17,1.56,4.61,30.93,6.83,0,False,False,False,True,False
6.23,4.58,5.03,3.43,11.22,0,False,False,False,False,False
6.53,2.03,9.44,19.03,14.14,0,False,True,False,False,False
7.69,1.35,9.38,22.54,18.19,0,False,False,False,True,False
1.57,0.49,4.18,29.99,7.62,0,False,False,False,False,False
7.42,3.97,3.45,26.26,6.29,0,True,False,False,False,False
5.99,4.13,5.05,23.07,39.6,1,True,False,False,False,False
0.58,0.17,7.07,47.98,36.53,0,False,True,False,False,False
7.77,1.79,9.14,9.25,20.94,0,False,False,False,False,False
3.83,3.75,3.83,7.9,30.62,0,True,False,False,False,False
3.3,4.73,5.9,35.67,26.96,0,False,True,False,False,False
4.48,1.89,4.9,3.73,3.0,0,False,False,True,False,False
3.46,4.36,3.1,24.14,20.72,0,False,True,False,False,False
3.38,1.97,8.52,24.2,7.36,0,False,False,False,False,True
8.08,0.9,8.69,15.5,23.36,0,False,False,True,False,False
1.25,0.02,4.55,46.52,2.47,0,False,False,False,False,False
9.71,1.65,4.06,14.13,6.52,0,False,False,True,False,False
5.55,1.89,4.01,14.42,31.27,0,False,False,True,False,False
1.83,4.73,6.25,11.71,33.73,0,False,False,False,False,False
1.31,1.03,4.73,7.29,36.3,0,False,False,False,False,False
5.92,1.91,6.58,18.2,35.87,1,True,False,False,False,False
6.33,0.13,5.69,34.04,36.28,1,False,False,False,False,True
0.53,3.82,4.48,37.11,3.79,0,False,False,False,False,False
2.43,4.58,8.26,40.67,26.38,0,False,False,False,True,False
7.95,1.19,4.05,9.88,28.04,0,False,False,False,True,False
0.5,2.14,8.59,1.78,10.73,0,False,False,False,False,True
8.55,0.61,6.93,48.73,39.72,0,False,True,False,False,False
6.58,2.28,8.82,0.72,11.43,0,False,True,False,False,False
4.34,0.67,3.03,48.03,23.0,0,False,False,False,True,False
3.46,2.62,8.24,41.44,34.89,0,False,False,False,False,False
0.19,3.67,3.36,45.6,11.57,0,False,False,False,False,True
8.25,2.77,9.65,19.36,24.26,0,False,True,False,False,False
1.43,1.23,7.92,9.86,28.8,0,False,True,False,False,False
3.1,1.77,5.24,30.32,25.07,0,False,False,True,False,False
5.69,3.19,5.24,37.06,16.24,0,False,False,False,True,False
2.46,2.95,9.03,6.54,37.79,0,False,False,False,False,False
4.97,0.68,9.32,39.88,24.49,0,False,False,False,False,True
8.09,4.22,9.24,10.43,8.97,0,False,True,False,False,False
4.71,2.38,8.66,24.58,32.25,0,False,False,True,False,False
9.49,0.81,8.73,42.82,26.24,0,False,False,False,True,False
8.48,0.61,7.01,9.67,4.38,0,False,False,False,True,False
3.33,4.83,3.2,12.09,11.13,0,False,False,False,False,True
4.0,1.41,3.61,3.14,6.33,0,False,True,False,False,False
4.23,4.54,7.55,7.33,2.91,0,False,False,False,False,True
6.26,2.05,5.81,7.33,9.21,0,False,False,False,False,True
2.87,1.93,6.97,10.17,11.13,0,True,False,False,False,False
9.69,3.5,4.62,14.31,18.66,0,False,False,True,False,False
6.09,0.05,7.55,40.75,38.77,0,False,False,False,True,False
3.99,1.69,4.7,45.79,37.73,0,True,False,False,False,False
6.45,1.51,6.23,20.31,30.15,0,False,False,False,False,False
3.95,4.34,6.35,6.41,25.86,0,False,False,False,True,False
8.18,2.65,4.24,11.19,37.89,0,False,False,False,True,False
5.68,1.82,9.13,36.81,5.7,0,False,False,True,False,False
0.42,1.33,6.68,33.87,13.21,0,False,False,False,False,False
1.77,2.95,9.07,48.36,22.13,0,False,True,False,False,False
8.65,0.76,4.84,0.72,32.56,0,False,False,False,False,False
5.63,1.23,4.21,37.54,24.95,0,False,True,False,False,False
9.5,1.47,3.13,25.29,32.35,0,False,False,False,False,False
0.72,3.04,3.66,45.13,6.12,0,False,False,False,False,True
2.95,1.87,4.03,28.81,7.71,0,False,False,False,False,False
1.94,2.53,3.55,22.33,29.62,0,True,False,False,False,False
5.54,3.25,9.28,33.29,13.93,0,True,False,False,False,False
3.83,4.78,9.38,41.68,17.44,0,False,False,True,False,False
1.57,3.82,9.56,14.12,31.67,0,False,True,False,False,False
6.43,2.03,9.72,5.38,2.8,0,False,False,False,True,False
5.36,3.74,6.44,21.65,6.72,0,False,False,True,False,False
2.75,4.75,6.71,10.73,11.83,0,True,False,False,False,False
4.8,2.5,3.92,21.48,35.34,0,True,False,False,False,False
7.46,2.05,3.96,49.55,16.2,0,False,True,False,False,False
2.05,0.39,8.41,28.71,10.08,0,True,False,False,False,False
2.93,4.46,8.99,34.68,27.14,0,True,False,False,False,False
3.46,1.23,8.49,33.9,1.21,0,False,True,False,False,False
7.47,0.32,8.84,41.04,31.0,0,True,False,False,False,False
8.47,2.69,4.94,47.21,27.92,0,False,False,False,True,False
3.76,4.23,6.26,32.94,2.2,0,False,False,False,False,True
2.97,2.03,6.21,23.8,19.92,0,False,False,True,False,False
8.89,3.92,9.97,15.89,16.17,0,False,False,False,True,False
9.99,4.18,9.64,18.01,6.33,0,False,False,False,True,False
6.7,2.27,7.19,16.72,6.16,0,False,False,False,False,True
9.9,2.95,3.97,16.22,6.41,0,False,False,True,False,False
6.6,2.67,4.81,34.73,23.99,0,False,False,False,True,False
7.33,4.7,5.55,29.39,6.84,0,True,False,False,False,False
3.89,3.63,9.11,10.1,2.38,0,False,False,False,False,True
4.33,4.63,4.19,48.48,38.3,0,False,False,True,False,False
1.44,1.1,4.54,21.39,1.57,0,False,False,False,False,False
8.23,1.55,5.45,28.3,26.56,0,False,True,False,False,False
9.31,0.35,9.49,35.13,37.44,1,True,False,False,False,False
6.23,2.5,6.53,30.68,1.52,0,False,False,False,False,True
3.44,4.37,7.53,15.55,38.63,0,False,True,False,False,False
1.54,1.63,5.71,39.89,20.09,0,False,False,False,False,False
2.65,0.64,4.32,5.51,31.4,0,False,False,False,True,False
2.55,0.34,4.56,28.45,25.0,0,False,False,False,True,False
6.14,2.24,8.62,13.67,24.67,0,False,False,True,False,False
9.45,0.82,9.25,30.79,31.55,0,False,False,False,False,True
0.48,1.73,6.45,10.9,2.62,0,False,False,False,False,True
0.01,4.1,5.5,38.61,15.7,0,False,False,True,False,False
6.0,1.92,8.65,11.38,38.78,0,False,True,False,False,False
2.84,3.05,7.71,44.52,2.18,0,False,False,False,True,False
8.81,2.51,3.29,43.08,10.51,0,False,False,False,True,False
3.27,3.59,5.46,18.12,26.88,0,False,False,False,False,True
2.9,0.78,7.78,19.29,4.02,0,False,False,False,False,True
2.7,4.6,7.02,35.08,21.47,0,False,False,True,False,False
1.45,3.22,9.85,4.52,28.53,0,False,False,False,False,False
5.82,1.35,9.06,4.05,30.3,0,False,True,False,False,False
1.68,0.62,3.42,6.82,22.45,0,True,False,False,False,False
4.25,0.75,8.08,28.12,20.03,0,False,False,False,False,False
4.61,3.91,5.35,7.45,28.56,0,False,False,False,False,False
0.2,2.94,7.77,13.88,5.8,0,False,False,False,False,True
0.17,1.9,7.32,32.35,27.22,0,False,False,False,False,True
5.2,1.66,6.52,0.78,36.77,1,False,False,False,False,True
6.96,4.28,8.97,9.01,27.31,0,False,False,False,False,False
9.42,4.37,7.96,46.5,1.86,0,False,True,False,False,False
1.79,2.91,9.23,33.18,20.24,0,False,False,False,False,True
1.03,2.62,4.97,15.28,29.05,0,False,False,False,True,False
0.52,4.08,5.44,2.27,1.73,0,False,True,False,False,False
4.36,3.75,7.35,29.3,30.49,0,False,False,False,True,False
6.23,2.0,9.77,11.14,11.26,0,False,True,False,False,False
8.41,0.41,5.6,48.01,23.55,0,False,False,False,False,True
6.83,3.84,3.23,34.35,38.65,1,True,False,False,False,False
2.08,0.84,6.12,48.71,39.8,0,False,False,True,False,False
4.62,0.08,6.81,42.44,25.38,0,False,False,False,False,True
9.1,4.22,8.61,24.15,19.66,0,False,False,False,False,False
3.27,2.89,8.1,33.48,7.11,0,True,False,False,False,False
4.99,4.46,9.75,40.61,8.33,0,False,False,False,False,False
9.59,2.42,8.48,28.91,17.17,0,False,True,False,False,False
7.35,4.63,5.09,3.07,28.09,0,False,False,False,False,False
7.48,1.77,7.49,23.52,30.77,0,True,False,False,False,False
2.52,3.62,7.71,6.53,8.88,0,True,False,False,False,False
4.15,1.5,9.99,35.74,21.42,0,False,False,False,False,True
0.82,0.01,3.97,34.03,23.66,0,False,False,False,True,False
6.07,1.9,4.34,49.65,35.72,1,False,False,False,False,True
1.04,3.69,4.09,31.44,35.06,0,False,True,False,False,False
8.36,0.75,7.12,40.01,32.7,0,False,False,False,False,False
8.15,2.52,3.95,13.41,20.67,0,False,False,False,True,False
5.34,1.06,7.59,17.0,2.6,0,False,False,True,False,False
1.41,0.37,8.63,45.85,13.38,0,True,False,False,False,False
0.26,3.09,6.03,37.76,24.87,0,False,False,False,True,False
7.97,4.76,6.92,32.76,25.5,0,False,False,False,True,False
6.0,1.55,9.39,12.7,33.96,0,False,False,False,False,True
7.11,2.9,6.99,34.93,15.18,0,False,False,True,False,False
3.04,4.77,4.46,44.34,37.46,0,True,False,False,False,False
5.09,3.25,5.4,11.54,6.53,0,False,True,False,False,False
7.47,3.37,6.71,35.31,1.99,0,False,True,False,False,False
4.63,0.89,4.08,19.68,7.07,0,False,False,False,True,False
6.01,2.46,7.29,5.94,18.49,0,False,False,False,True,False
7.9,1.84,9.99,38.17,32.92,0,False,False,False,False,False
2.15,2.35,7.57,8.36,6.15,0,False,False,True,False,False
0.66,4.0,5.61,12.64,21.93,0,True,False,False,False,False
5.32,2.3,5.32,39.15,31.06,0,False,False,False,True,False
0.62,0.31,9.52,37.11,1.39,0,False,False,False,False,False
7.67,4.53,9.1,12.71,1.66,0,False,False,True,False,False
7.19,2.72,6.31,47.05,19.62,0,True,False,False,False,False
8.82,4.62,5.47,10.76,7.31,0,False,True,False,False,False
6.4,2.86,7.97,49.68,18.02,0,False,False,False,False,False
0.67,0.35,5.2,36.89,1.76,0,False,False,True,False,False
2.53,2.76,3.84,19.63,39.07,0,False,False,False,False,False
8.08,2.88,5.17,6.52,26.17,0,False,False,False,True,False
1.67,1.07,6.04,16.03,27.47,0,False,False,False,False,True
6.98,2.36,4.79,9.69,20.39,0,False,True,False,False,False
7.8,2.3,4.52,31.09,33.0,0,False,False,False,True,False
3.3,3.11,3.04,17.84,33.34,0,False,False,False,True,False
3.22,1.3,7.42,14.75,6.36,0,False,False,True,False,False
5.58,2.91,7.3,37.86,30.74,0,False,False,False,False,False
8.61,1.2,4.32,11.53,22.67,0,False,True,False,False,False
2.24,2.23,9.61,29.34,30.5,0,False,False,False,True,False
9.41,0.61,5.87,9.73,36.75,0,False,False,True,False,False
5.99,0.19,3.18,35.74,13.4,0,False,True,False,False,False
9.92,1.6,4.54,31.26,22.84,0,False,False,False,False,False
0.9,1.37,7.84,39.91,31.5,0,False,False,False,True,False
1.27,2.03,4.41,3.42,39.47,0,True,False,False,False,False
8.27,4.81,3.38,10.51,24.5,0,False,False,False,True,False
8.65,2.61,7.32,7.72,28.85,0,False,False,False,True,False
4.45,2.77,6.63,9.53,33.85,0,False,True,False,False,False
7.14,4.71,8.33,5.15,30.05,0,False,True,False,False,False
8.68,4.61,8.41,28.1,37.69,0,False,True,False,False,False
0.43,4.42,9.72,29.67,9.19,0,False,True,False,False,False
5.74,0.49,3.4,42.17,36.31,0,False,False,True,False,False
8.53,3.17,3.27,20.89,8.28,0,False,False,False,False,True
3.98,4.04,9.91,26.62,22.61,0,False,False,True,False,False
3.02,4.18,7.51,49.57,20.92,0,False,False,False,True,False
7.96,2.89,8.01,26.59,33.25,0,False,False,True,False,False
3.36,0.09,3.68,28.68,15.94,0,False,False,False,False,False
0.03,4.87,3.49,49.8,5.73,0,True,False,False,False,False
9.6,2.36,4.12,49.71,28.27,0,False,True,False,False,False
5.92,1.97,5.99,21.2,24.27,0,False,False,False,False,False
8.2,1.97,3.77,31.75,33.08,0,True,False,False,False,False
8.25,2.12,6.12,24.04,30.35,0,False,False,False,False,False
0.66,1.21,6.93,36.04,35.79,0,False,False,False,True,False
1.71,1.64,3.0,46.92,33.56,0,False,True,False,False,False
3.11,4.93,3.8,15.48,27.44,0,False,False,False,False,False
3.21,1.84,5.63,40.94,18.63,0,False,False,False,True,False
6.59,2.63,3.37,32.74,0.81,0,False,True,False,False,False
6.23,4.24,3.93,14.01,12.3,0,False,False,False,False,True
4.95,2.64,4.62,39.86,29.1,0,False,False,False,True,False
2.11,1.62,6.01,21.36,2.38,0,False,False,True,False,False
3.82,2.62,8.0,6.02,30.26,0,False,True,False,False,False
5.44,0.57,3.93,49.67,20.66,0,False,False,False,False,False
4.68,0.65,8.17,21.28,34.71,0,True,False,False,False,False
1.27,3.47,8.99,27.08,26.39,0,False,False,False,False,False
6.5,4.59,7.56,40.4,31.94,0,False,False,True,False,False
0.73,3.63,3.31,48.04,6.86,0,False,False,True,False,False
3.78,0.37,6.08,43.64,6.92,0,False,False,False,False,False
7.1,2.01,7.62,26.25,8.44,0,True,False,False,False,False
0.2,0.01,9.85,27.28,13.33,0,False,True,False,False,False
5.7,2.56,9.66,14.04,36.18,0,False,False,False,True,False
3.35,0.97,5.77,23.14,30.97,0,False,False,True,False,False
0.09,4.34,7.31,47.34,14.59,0,False,False,True,False,False
1.9,0.52,9.24,36.35,36.74,0,False,False,True,False,False
9.41,0.01,8.82,0.59,31.16,0,True,False,False,False,False
5.21,2.26,6.36,5.83,26.24,0,False,False,False,False,True
9.97,0.78,4.83,46.19,17.46,0,True,False,False,False,False
5.25,3.69,3.96,42.44,26.07,0,False,True,False,False,False
5.44,4.6,6.42,24.31,23.73,0,False,True,False,False,False
3.92,0.21,8.06,30.85,31.27,0,False,True,False,False,False
3.1,1.98,9.79,14.48,9.02,0,False,True,False,False,False
2.52,4.98,9.03,39.64,35.42,0,False,True,False,False,False
3.43,3.66,4.43,30.17,23.67,0,False,False,False,False,False
4.6,4.77,8.04,34.74,32.27,0,False,False,True,False,False
1.92,0.82,5.02,18.75,13.89,0,True,False,False,False,False
2.25,1.11,7.78,21.52,15.68,0,False,False,False,False,False
2.72,0.77,7.66,10.38,37.49,0,True,False,False,False,False
4.49,1.51,4.91,47.4,24.88,0,False,False,False,False,True
6.53,3.62,4.64,47.33,12.71,0,False,False,False,True,False
8.56,0.82,3.73,40.89,3.29,0,False,False,True,False,False
2.87,2.62,3.35,46.78,17.37,0,False,False,False,False,True
1.84,1.35,9.01,33.27,33.96,0,False,False,False,False,False
3.79,4.15,3.35,11.73,10.06,0,False,False,False,True,False
8.94,0.03,3.62,38.01,34.41,0,False,False,False,False,True
0.1,1.12,4.67,16.26,6.47,0,True,False,False,False,False
6.78,3.03,9.21,22.02,5.2,0,False,False,False,True,False
4.77,0.48,5.33,13.72,24.23,0,True,False,False,False,False
1.61,2.33,4.34,21.18,32.19,0,False,False,False,False,True
3.21,2.18,8.01,33.97,31.2,0,False,False,False,False,False
2.25,4.26,5.23,5.53,21.74,0,True,False,False,False,False
8.78,3.13,5.33,5.26,25.55,0,False,False,False,True,False
4.82,3.2,8.17,34.19,10.33,0,False,False,False,False,True
5.63,4.76,4.76,38.98,22.05,0,True,False,False,False,False
5.94,4.91,9.28,27.57,8.31,0,False,False,False,False,False
6.4,3.27,6.93,9.08,37.13,0,False,False,True,False,False
4.96,2.61,6.76,21.54,27.12,0,False,False,False,False,False
0.18,3.04,4.85,37.91,22.59,0,False,False,False,False,False
3.35,1.91,8.85,34.29,9.89,0,False,False,True,False,False
1.84,4.94,7.01,5.49,16.36,0,False,False,False,False,False
6.8,3.53,4.09,48.46,31.21,0,False,False,True,False,False
0.57,1.46,4.44,11.17,9.58,0,False,False,True,False,False
5.64,0.29,6.28,11.02,5.15,0,True,False,False,False,False
2.11,0.22,8.46,22.99,12.29,0,True,False,False,False,False
9.49,1.02,9.58,16.36,31.78,0,False,False,True,False,False
3.36,1.16,7.64,49.2,35.32,0,False,False,False,False,True
3.25,2.08,6.54,3.82,16.57,0,False,False,False,True,False
9.23,1.07,4.76,15.32,31.25,0,False,False,False,False,True
4.17,3.15,7.71,19.14,13.29,0,False,False,True,False,False
9.63,1.06,9.88,24.67,20.35,0,False,False,False,True,False
0.24,0.94,6.33,0.82,0.81,0,True,False,False,False,False
3.06,2.36,4.13,4.12,28.48,0,False,False,False,True,False
6.66,4.44,3.72,12.89,28.75,0,False,False,True,False,False
8.91,2.34,4.88,27.7,4.01,0,True,False,False,False,False
2.56,2.07,6.99,38.39,14.35,0,False,False,False,True,False
9.3,2.89,9.63,34.32,19.34,0,False,False,False,True,False
5.94,1.29,5.09,28.35,30.96,0,False,False,False,False,True
8.01,1.77,5.14,19.86,32.94,0,False,False,False,True,False
3.97,1.07,6.37,43.53,28.77,0,False,False,True,False,False
2.12,2.86,9.43,22.99,8.63,0,False,True,False,False,False
9.11,3.49,5.93,14.96,14.25,0,False,True,False,False,False
9.33,3.37,4.56,31.47,9.89,0,False,True,False,False,False
4.98,1.27,4.14,34.61,25.49,0,False,False,True,False,False
0.06,3.9,6.2,19.92,25.89,0,False,True,False,False,False
1.1,1.28,8.6,1.41,0.65,0,False,False,False,False,True
5.73,0.75,5.04,4.71,29.27,0,False,False,True,False,False
0.24,1.75,6.59,42.28,9.18,0,True,False,False,False,False
3.97,2.99,7.22,2.83,32.06,0,False,False,True,False,False
3.03,0.71,6.15,29.6,33.31,0,False,False,True,False,False
7.14,3.24,4.34,9.19,31.88,0,False,False,False,True,False
0.56,4.32,9.45,11.45,16.32,0,False,False,False,True,False
4.89,1.47,6.96,13.67,13.93,0,False,False,False,True,False
5.79,2.25,8.1,1.91,17.4,0,False,False,False,False,False
6.17,1.14,7.45,8.86,21.09,0,False,False,False,False,True
4.05,1.81,9.99,32.52,10.0,0,False,False,True,False,False
3.04,0.11,6.19,24.94,37.27,0,False,False,True,False,False
6.82,4.77,5.97,39.87,20.16,0,False,False,False,True,False
8.48,2.08,5.52,3.06,2.93,0,False,False,True,False,False
6.94,3.94,5.53,44.44,39.89,1,True,False,False,False,False
9.32,0.71,4.93,49.82,19.36,0,False,False,True,False,False
7.17,4.06,9.86,0.79,37.88,0,False,True,False,False,False
7.65,4.3,9.1,48.38,15.61,0,True,False,False,False,False
1.68,3.58,5.22,11.79,8.99,0,True,False,False,False,False
4.2,4.52,5.14,34.63,29.48,0,False,False,True,False,False
4.85,0.84,3.72,14.62,17.3,0,False,False,False,False,False
2.56,2.38,9.14,26.09,35.26,0,False,False,False,True,False
5.29,3.1,5.6,25.52,18.58,0,False,False,False,False,True
2.91,2.98,7.01,18.06,13.53,0,False,False,False,False,True
6.88,4.31,9.3,35.88,38.67,0,False,True,False,False,False
4.7,1.08,5.86,29.98,33.21,0,False,False,False,False,True
4.59,0.88,8.65,25.41,8.22,0,False,False,False,False,True
9.84,1.27,6.01,49.14,19.55,0,False,False,False,True,False
3.92,4.46,7.91,47.0,4.53,0,False,False,False,True,False
3.62,4.71,6.02,47.77,4.31,0,False,False,False,False,False
3.19,2.85,5.75,44.07,34.14,0,False,True,False,False,False
8.95,2.51,9.93,12.76,37.27,1,False,False,False,False,True
4.97,3.03,7.29,17.5,29.55,0,False,False,False,False,False
6.0,3.08,5.57,11.55,39.57,0,False,True,False,False,False
1.81,0.85,4.8,49.31,1.81,0,True,False,False,False,False
5.41,3.43,3.28,7.63,13.26,0,False,False,False,False,True
2.75,2.26,7.95,18.33,5.28,0,False,False,False,False,True
7.31,2.59,5.61,9.95,31.28,0,False,False,False,True,False
8.33,0.15,8.75,11.17,35.62,0,False,False,True,False,False
7.15,3.82,5.55,12.35,17.88,0,False,True,False,False,False
7.3,4.18,5.61,31.98,33.17,0,False,False,False,False,True
5.12,3.1,8.45,3.8,33.9,0,False,True,False,False,False
7.12,3.74,6.43,28.63,5.59,0,False,False,False,False,False
4.23,2.61,9.19,40.96,15.08,0,False,False,False,False,False
6.51,3.09,7.13,38.33,7.52,0,False,False,True,False,False
2.59,1.97,4.68,7.56,26.8,0,False,False,False,False,True
0.7,3.96,6.98,45.74,15.49,0,False,False,False,True,False
4.13,2.34,3.03,38.5,26.71,0,False,False,False,False,True
4.62,3.4,5.19,0.27,35.04,0,False,True,False,False,False
2.56,3.11,4.46,36.87,16.51,0,True,False,False,False,False
7.28,3.51,7.58,36.87,38.88,1,False,False,False,False,False
0.74,3.93,3.95,24.84,16.34,0,False,True,False,False,False
2.23,2.56,5.03,2.3,8.55,0,False,False,True,False,False
7.49,4.07,5.32,29.0,21.17,0,False,False,False,False,False
4.37,2.49,3.02,38.29,15.96,0,False,False,False,True,False
7.05,4.78,3.33,13.54,5.0,0,False,False,False,False,False
5.67,3.76,5.18,33.35,0.93,0,True,False,False,False,False
9.51,0.86,4.56,17.7,29.76,0,False,False,False,False,True
5.98,4.15,3.82,28.69,37.31,1,True,False,False,False,False
0.15,2.76,4.08,19.23,17.62,0,True,False,False,False,False
3.53,4.92,8.85,15.19,2.62,0,False,False,False,False,True
1.43,3.59,7.78,42.8,29.63,0,False,False,False,False,False
9.25,0.42,6.39,37.69,34.68,0,False,False,True,False,False
1.04,1.97,9.36,17.27,12.95,0,False,False,False,False,True
3.88,2.59,3.21,21.73,8.88,0,False,False,False,False,True
2.26,4.2,5.41,34.59,13.48,0,False,False,False,True,False
8.47,3.65,8.76,40.55,36.33,1,False,False,False,False,False
3.09,1.85,7.4,34.22,16.72,0,False,False,False,False,True
9.92,3.27,9.87,27.05,26.17,0,False,False,True,False,False
0.39,2.88,9.61,47.72,2.97,0,False,True,False,False,False
1.28,0.63,4.19,38.71,11.26,0,False,False,False,False,False
2.25,1.17,9.8,5.78,9.12,0,False,False,False,True,False
8.11,1.71,9.62,27.91,2.5,0,True,False,False,False,False
8.79,0.98,5.62,20.48,4.82,0,False,False,False,False,True
0.71,0.75,9.88,39.75,16.66,0,False,False,True,False,False
0.32,0.29,3.25,2.23,22.32,0,False,False,False,False,False
7.45,4.37,7.63,20.54,12.48,0,False,False,True,False,False
1.33,1.44,4.86,15.91,16.78,0,False,False,True,False,False
1.33,1.45,3.91,7.06,30.38,0,True,False,False,False,False
0.22,1.03,7.04,18.94,9.89,0,False,False,False,True,False
0.5,2.38,5.14,33.64,1.36,0,False,False,False,False,False
2.64,2.57,7.67,18.08,10.28,0,False,False,False,False,True
0.65,1.04,6.78,29.0,36.86,0,False,False,False,True,False
3.69,3.04,5.75,29.64,0.72,0,False,False,False,False,True
8.33,3.61,4.27,29.36,5.16,0,False,True,False,False,False
3.26,1.87,7.21,26.48,2.6,0,False,False,True,False,False
7.28,2.93,8.8,5.85,15.08,0,False,True,False,False,False
0.94,2.51,7.2,10.92,25.91,0,False,False,True,False,False
6.59,0.98,7.27,40.0,36.41,1,True,False,False,False,False
3.17,3.65,6.58,25.12,31.76,0,False,False,False,True,False
7.5,4.01,5.72,35.3,10.03,0,False,False,False,False,True
1.36,3.24,6.2,28.5,25.39,0,True,False,False,False,False
8.98,1.62,9.93,1.93,26.55,0,False,False,False,False,True
2.43,4.63,8.25,39.81,3.62,0,False,False,False,True,False
3.53,2.28,6.01,3.22,17.09,0,False,False,False,False,False
9.5,1.33,6.2,47.16,12.45,0,False,True,False,False,False
5.78,2.04,6.5,10.77,6.28,0,False,True,False,False,False
3.66,3.46,7.62,25.62,2.35,0,False,False,False,False,True
9.5,4.23,6.26,3.18,1.09,0,False,False,False,False,True
3.29,1.78,7.8,44.75,34.35,0,False,False,False,False,True
0.95,1.16,5.3,49.0,13.23,0,False,False,False,True,False
9.97,3.13,5.87,7.31,19.72,0,False,False,False,False,False
2.68,4.61,9.05,14.79,11.67,0,False,True,False,False,False
8.51,0.92,5.3,0.79,6.63,0,True,False,False,False,False
1.66,4.02,9.75,39.35,10.45,0,False,False,True,False,False
7.31,2.38,4.21,15.57,6.8,0,False,False,False,True,False
5.24,4.0,4.69,29.44,30.32,0,False,True,False,False,False
9.81,2.53,6.25,1.96,36.3,1,False,False,False,False,False
5.53,1.89,8.58,35.77,17.38,0,False,False,False,True,False
0.25,3.48,8.12,26.47,32.92,0,True,False,False,False,False
6.04,4.5,4.22,36.25,17.03,0,False,True,False,False,False
1.45,1.6,4.66,39.48,17.87,0,False,False,False,True,False
7.99,2.3,7.03,4.46,19.4,0,False,True,False,False,False
8.57,1.15,5.07,28.9,32.81,0,False,True,False,False,False
4.82,0.92,5.96,32.5,37.45,0,False,False,False,False,False
7.83,3.89,6.41,25.84,29.78,0,False,False,True,False,False
1.45,1.0,7.16,9.12,35.54,0,False,False,False,False,False
4.92,3.97,4.76,39.78,25.71,0,False,True,False,False,False
3.94,2.15,4.14,49.87,33.57,0,False,False,False,True,False
6.11,4.98,5.79,48.46,22.27,0,True,False,False,False,False
0.44,0.99,3.57,38.88,30.91,0,False,False,False,False,False
7.52,0.46,6.69,20.91,28.21,0,False,False,True,False,False
0.79,0.38,8.88,16.87,29.97,0,False,True,False,False,False
6.56,4.18,3.83,3.43,9.38,0,True,False,False,False,False
0.18,2.19,3.79,20.81,6.15,0,False,False,False,False,False
8.32,0.02,3.56,7.8,26.12,0,False,False,False,False,False
1.75,4.37,8.94,12.72,19.32,0,False,False,False,False,False
5.15,4.38,3.56,44.59,30.59,0,False,False,False,False,False
2.61,4.03,9.88,48.43,5.86,0,True,False,False,False,False
7.23,1.24,5.51,47.43,37.91,0,False,False,False,True,False
3.21,1.86,5.3,9.67,28.16,0,False,False,True,False,False
7.25,3.72,3.64,45.04,0.92,0,False,False,True,False,False
2.85,2.45,7.1,7.08,23.06,0,False,True,False,False,False
7.52,0.77,7.1,25.38,12.5,0,False,False,False,False,True
0.31,1.21,6.46,32.18,10.99,0,False,False,False,True,False
2.83,4.86,5.18,23.12,36.09,0,False,True,False,False,False
4.99,0.76,5.58,47.59,33.44,0,False,True,False,False,False
0.45,3.63,5.24,16.66,0.38,0,False,False,False,False,False
1.86,2.39,5.98,26.37,7.27,0,False,False,False,False,True
9.35,3.74,5.39,3.77,28.78,0,False,False,False,False,True
9.77,3.31,7.73,42.61,33.93,0,False,False,False,True,False
7.4,2.2,5.07,20.67,28.7,0,False,False,False,False,True
2.52,1.77,5.46,35.03,21.01,0,False,True,False,False,False
2.61,3.77,6.05,34.11,39.38,0,False,False,False,False,True
6.46,1.62,3.03,33.81,31.89,0,False,False,False,False,True
1.18,3.94,6.44,25.35,18.72,0,False,False,True,False,False
9.48,3.4,4.79,13.88,23.34,0,False,True,False,False,False
2.25,2.89,3.39,31.25,1.79,0,True,False,False,False,False
10.0,1.84,9.38,48.09,38.59,1,False,False,False,False,True
4.96,1.03,5.26,41.7,14.51,0,False,False,False,False,True
7.71,3.55,5.98,5.44,26.46,0,False,False,False,False,False
0.02,0.46,8.79,1.16,26.68,0,False,False,False,False,True
8.89,4.85,4.17,24.95,2.28,0,False,False,False,False,True
2.7,4.89,8.95,38.79,10.63,0,False,False,True,False,False
6.68,0.65,4.69,15.7,26.25,0,False,True,False,False,False
8.06,0.52,7.12,35.06,36.49,0,False,False,False,True,False
1.64,2.06,7.8,46.6,31.15,0,False,True,False,False,False
4.43,4.82,9.34,22.95,23.21,0,False,False,False,False,False
4.94,2.0,7.25,12.21,9.3,0,False,True,False,False,False
3.12,1.82,6.17,45.89,37.95,0,False,False,False,False,True
4.82,3.52,7.01,23.61,16.15,0,False,False,False,False,False
3.18,0.89,4.41,20.39,6.0,0,False,True,False,False,False
3.61,1.82,7.82,17.67,0.87,0,False,False,False,False,False
6.69,1.46,4.31,21.15,38.01,0,False,False,False,True,False
6.33,3.01,6.9,33.68,31.12,0,False,True,False,False,False
2.32,0.81,7.53,21.69,8.66,0,True,False,False,False,False
8.97,2.74,9.29,16.21,5.67,0,False,False,False,False,True
8.63,4.29,6.15,37.18,38.38,1,False,False,False,False,False
5.09,2.57,8.43,10.15,9.63,0,True,False,False,False,False
4.33,3.42,4.17,10.1,18.48,0,True,False,False,False,False
3.77,0.38,4.09,34.82,24.43,0,False,False,True,False,False
7.07,2.25,6.67,43.34,2.5,0,False,False,False,False,False
6.72,0.47,7.17,12.06,13.78,0,True,False,False,False,False
1.96,3.0,7.43,9.56,37.75,0,False,False,True,False,False
6.71,1.41,8.22,33.52,28.01,0,True,False,False,False,False
2.52,1.44,5.06,31.04,14.71,0,False,False,False,False,True
0.19,0.38,7.36,22.36,31.67,0,False,False,False,True,False
6.99,1.55,4.32,4.79,33.49,0,False,False,True,False,False
6.45,2.53,4.53,4.59,6.07,0,False,False,False,True,False
4.11,2.92,3.47,38.87,23.46,0,False,False,False,False,False
5.26,0.33,8.23,22.59,14.67,0,False,False,False,False,True
9.47,3.26,6.55,42.9,20.27,0,False,False,True,False,False
5.95,2.44,4.67,28.74,18.76,0,False,False,False,False,False
6.58,2.68,6.89,30.94,20.15,0,True,False,False,False,False
0.64,4.16,5.48,46.71,20.88,0,False,True,False,False,False
1.66,1.71,8.86,8.23,2.77,0,False,False,False,False,False
3.01,0.87,6.7,27.15,7.11,0,False,False,False,True,False
5.39,2.76,3.21,2.91,22.65,0,False,False,False,False,True
7.77,4.73,9.9,17.95,37.44,1,False,False,False,False,True
3.21,2.59,3.52,7.4,29.86,0,False,False,False,False,False
3.56,4.16,7.87,9.39,9.55,0,True,False,False,False,False
2.56,3.79,6.06,46.74,14.47,0,False,True,False,False,False
2.55,2.59,4.75,30.53,13.42,0,False,False,False,True,False
9.49,3.24,7.74,44.61,30.78,0,False,False,False,False,False
6.35,2.03,3.88,22.18,38.89,1,False,False,False,False,False
1.56,2.65,9.01,29.88,14.22,0,False,False,False,False,True
7.22,2.54,4.75,1.6,0.59,0,False,False,False,True,False
7.22,3.55,5.53,23.48,37.48,0,False,True,False,False,False
6.66,2.05,7.43,28.2,30.13,0,False,False,False,False,True
1.35,0.5,3.01,0.84,33.37,0,False,False,False,False,False
4.08,3.94,6.31,39.47,8.35,0,False,False,False,False,True
1.07,3.42,9.26,14.77,25.83,0,False,False,False,False,True
8.17,4.75,7.76,22.62,9.31,0,False,False,True,False,False
6.55,2.14,5.72,26.78,0.46,0,False,False,False,False,True
5.07,0.39,7.62,49.61,6.28,0,True,False,False,False,False
3.43,0.61,9.56,4.96,36.91,0,False,False,False,False,True
1.84,3.87,4.31,27.76,8.61,0,True,False,False,False,False
1.06,0.34,6.72,26.53,23.41,0,False,False,False,True,False
9.69,4.54,4.64,3.45,38.72,1,False,False,False,False,True
2.0,1.41,8.98,31.7,3.03,0,False,True,False,False,False
0.6,4.49,8.05,14.34,32.32,0,True,False,False,False,False
9.62,3.87,8.61,5.19,23.9,0,True,False,False,False,False
5.49,4.36,9.6,8.93,12.94,0,False,False,False,False,False
7.97,1.07,4.63,41.18,14.57,0,False,False,False,True,False
0.44,2.98,3.34,5.21,1.09,0,False,False,False,False,True
5.67,0.47,5.04,23.35,10.23,0,False,True,False,False,False
3.98,1.01,5.79,9.76,16.94,0,False,False,False,False,False
7.72,1.55,7.38,8.12,28.68,0,False,False,False,True,False
0.38,3.7,8.58,10.29,10.99,0,True,False,False,False,False
4.02,0.12,5.45,24.64,23.21,0,False,True,False,False,False
7.99,4.52,6.31,11.89,29.27,0,False,False,False,False,True
5.23,0.35,8.5,4.84,27.94,0,False,False,True,False,False
5.5,1.88,4.58,40.07,23.61,0,False,False,True,False,False
0.97,0.41,4.52,26.99,23.21,0,False,False,False,True,False
1.32,3.84,7.12,7.84,28.85,0,False,True,False,False,False
6.77,0.71,6.05,23.57,13.42,0,False,False,False,False,False
6.75,4.42,9.64,3.42,18.01,0,False,True,False,False,False
9.79,2.65,5.5,29.02,38.65,1,True,False,False,False,False
7.12,4.74,8.32,17.02,26.74,0,False,False,True,False,False
4.93,1.45,7.08,5.18,20.8,0,False,False,False,True,False
8.57,2.27,3.38,9.18,23.13,0,False,False,False,False,True
1.04,3.47,3.59,17.29,4.18,0,False,True,False,False,False
4.49,4.16,4.42,40.32,23.68,0,False,False,True,False,False
2.87,2.11,4.0,8.69,33.46,0,False,False,False,False,False
1.05,4.46,5.31,5.48,20.94,0,False,False,False,True,False
7.64,0.59,7.05,25.8,7.08,0,False,False,False,False,True
5.11,3.54,7.22,27.93,17.93,0,False,True,False,False,False
5.57,1.74,7.11,4.51,11.12,0,False,False,False,False,False
4.11,0.51,3.82,14.22,14.39,0,False,False,False,False,True
4.6,1.93,7.2,13.14,9.0,0,True,False,False,False,False
1.16,4.4,5.87,9.31,13.36,0,False,False,True,False,False
6.73,4.9,9.32,15.78,32.87,0,True,False,False,False,False
4.32,1.96,9.38,1.86,30.31,0,False,False,True,False,False
8.17,4.43,8.38,32.58,19.62,0,False,False,False,False,False
1.96,2.55,7.92,49.42,31.3,0,True,False,False,False,False
2.05,3.59,3.8,31.7,39.02,0,False,False,True,False,False
6.46,0.23,3.59,18.05,16.25,0,False,False,False,True,False
8.46,2.79,8.89,33.4,39.2,1,False,False,False,False,False
4.72,0.35,5.99,28.58,9.84,0,False,False,True,False,False
7.27,1.34,6.16,42.34,38.18,0,False,True,False,False,False
9.99,2.83,8.93,31.09,34.58,0,False,False,True,False,False
9.9,4.04,7.35,31.7,7.97,0,True,False,False,False,False
7.44,2.8,4.26,11.08,13.99,0,False,False,False,True,False
7.4,4.68,4.48,20.78,28.32,0,False,False,False,False,True
2.48,4.05,3.04,17.22,7.66,0,False,False,False,False,True
8.34,0.78,7.97,0.57,23.63,0,False,False,True,False,False
4.05,1.94,6.4,15.66,21.39,0,False,False,False,False,True
9.62,3.34,9.65,24.3,11.67,0,False,False,True,False,False
0.81,4.69,8.0,29.99,12.02,0,False,False,False,True,False
4.36,4.94,3.72,46.73,20.65,0,False,False,False,False,True
5.56,3.82,4.13,11.96,11.99,0,True,False,False,False,False
4.05,2.87,6.51,7.62,7.21,0,True,False,False,False,False
2.11,3.78,9.47,43.47,30.93,0,False,True,False,False,False
5.93,1.37,4.73,47.09,23.27,0,False,False,True,False,False
7.56,1.42,8.78,24.4,17.51,0,False,False,False,False,True
6.45,3.27,5.19,5.76,7.25,0,True,False,False,False,False
2.34,4.36,4.89,24.27,23.77,0,False,False,False,True,False
7.32,4.85,9.31,5.47,25.14,0,False,False,False,True,False
2.57,1.71,3.33,44.16,19.19,0,False,True,False,False,False
1.75,3.98,7.63,35.41,14.91,0,False,False,False,True,False
6.91,4.26,3.3,12.06,34.69,0,False,False,False,True,False
8.43,3.12,8.61,44.33,28.19,0,False,False,False,False,True
4.82,1.74,8.81,31.9,14.25,0,False,False,True,False,False
5.31,3.1,9.25,47.66,23.72,0,False,False,False,False,False
3.03,2.92,4.3,49.02,9.35,0,False,False,False,True,False
4.95,3.03,3.87,0.16,0.46,0,False,False,False,True,False
1.32,3.1,6.52,6.01,34.75,0,False,False,False,False,False
9.56,4.24,4.9,27.35,32.76,0,False,False,False,True,False
8.0,0.85,7.24,47.79,25.58,0,False,False,False,False,True
6.68,1.84,6.6,49.71,32.45,0,False,False,False,False,True
5.38,2.93,4.01,28.37,31.23,0,False,False,False,False,False
7.92,1.42,8.17,8.69,34.41,0,True,False,False,False,False
4.95,4.89,8.63,8.15,35.67,0,False,False,False,True,False
3.0,1.32,9.74,38.19,32.75,0,True,False,False,False,False
1.6,2.35,5.77,29.6,34.07,0,False,False,False,True,False
6.48,4.39,5.36,27.44,20.07,0,False,False,True,False,False
9.29,0.4,4.35,23.29,28.32,0,False,False,False,True,False
1.54,4.1,4.27,36.26,13.33,0,False,False,False,False,True
1.8,2.86,5.25,42.9,34.45,0,False,True,False,False,False
4.34,0.16,9.87,15.15,34.34,0,False,True,False,False,False
8.07,4.51,3.65,11.05,2.65,0,False,True,False,False,False
2.94,0.2,4.82,33.51,13.88,0,False,True,False,False,False
2.54,2.58,3.6,45.74,6.86,0,True,False,False,False,False
6.2,0.25,4.92,17.41,5.43,0,True,False,False,False,False
5.36,0.36,3.65,13.62,16.6,0,False,False,False,True,False
0.6,4.44,6.56,11.31,25.03,0,True,False,False,False,False
0.81,3.83,6.07,12.72,13.75,0,False,False,False,True,False
6.43,0.98,4.22,6.75,12.37,0,False,False,True,False,False
4.65,3.1,4.22,29.84,3.78,0,False,False,False,True,False
9.71,3.97,7.38,14.04,15.32,0,False,True,False,False,False
6.79,4.45,5.71,30.75,18.84,0,False,False,False,False,False
0.1,2.34,3.39,4.15,15.95,0,False,False,False,False,False
4.81,4.49,9.44,5.77,27.2,0,False,False,False,False,True
4.14,2.54,5.83,26.81,11.53,0,False,False,False,False,True
1.07,3.44,7.14,25.58,28.64,0,False,False,False,True,False
9.23,4.9,9.2,13.58,35.31,1,False,False,False,False,False
8.05,1.18,5.82,41.36,23.65,0,False,True,False,False,False
2.3,0.84,8.74,9.35,15.55,0,True,False,False,False,False
2.56,1.71,9.4,18.03,7.19,0,False,True,False,False,False
0.32,0.82,4.22,27.78,37.3,0,False,True,False,False,False
2.97,1.42,9.25,43.36,30.07,0,False,False,False,True,False
5.85,3.71,3.84,20.93,9.86,0,False,False,False,True,False
4.21,2.39,4.93,19.93,6.03,0,False,False,True,False,False
9.69,1.88,8.66,28.98,1.97,0,False,True,False,False,False
0.56,1.84,9.3,15.83,7.62,0,False,True,False,False,False
5.91,0.97,7.79,35.46,29.3,0,False,False,False,True,False
8.58,2.24,3.73,12.43,25.18,0,False,False,False,True,False
4.81,3.12,6.66,41.16,38.7,0,False,False,True,False,False
0.03,0.7,7.01,13.62,12.88,0,False,False,True,False,False
2.43,4.86,4.97,49.64,31.46,0,False,False,False,False,True
3.24,2.22,9.94,15.82,4.82,0,False,False,False,False,False
9.66,4.74,5.35,43.94,22.5,0,False,True,False,False,False
9.12,0.67,4.47,19.87,18.67,0,False,True,False,False,False
9.49,3.84,3.77,12.3,33.53,0,False,False,True,False,False
8.26,3.09,5.65,11.31,28.06,0,False,False,True,False,False
3.52,4.1,7.85,42.51,7.77,0,False,False,False,False,True
9.06,3.0,4.62,15.44,39.36,1,False,False,False,False,False
9.82,4.81,8.39,16.93,32.93,0,False,False,False,False,True
3.5,3.13,3.95,9.85,14.19,0,False,False,False,False,False
2.61,3.92,6.08,48.07,33.04,0,True,False,False,False,False
5.47,4.39,7.92,12.24,38.28,0,False,True,False,False,False
1.87,3.57,3.95,12.37,35.61,0,False,False,False,False,True
0.33,2.62,7.18,47.19,22.25,0,False,False,True,False,False
9.46,1.36,8.59,45.04,23.09,0,False,False,False,False,True
9.26,4.27,7.17,12.45,4.26,0,True,False,False,False,False
1.63,2.4,6.58,43.24,6.59,0,False,False,False,False,True
4.08,3.1,8.87,12.49,39.3,0,False,True,False,False,False
8.31,0.4,9.9,4.22,30.79,0,True,False,False,False,False
6.61,2.49,4.27,41.02,1.02,0,False,False,True,False,False
3.95,3.49,7.84,38.58,21.9,0,False,False,True,False,False
7.44,2.92,3.56,14.73,13.81,0,False,False,False,True,False
8.97,2.24,3.3,4.51,12.46,0,True,False,False,False,False
9.26,1.12,4.97,10.32,22.26,0,False,False,False,True,False
3.79,1.55,9.8,38.55,12.81,0,False,False,False,True,False
1.74,3.5,6.87,48.24,10.06,0,False,True,False,False,False
9.13,1.12,4.88,12.95,37.51,1,False,False,False,False,True
0.93,3.11,3.93,40.91,1.59,0,False,False,True,False,False
7.22,2.95,9.44,11.4,17.45,0,False,False,True,False,False
1.4,4.85,5.54,33.98,20.45,0,False,False,False,False,True
3.89,0.3,5.15,4.18,17.6,0,False,False,True,False,False
4.12,0.54,9.01,29.26,26.29,0,False,False,False,False,True
1.59,2.53,7.23,13.46,1.03,0,True,False,False,False,False
9.23,2.64,4.18,46.29,35.4,0,False,True,False,False,False
0.03,0.2,5.95,14.49,20.01,0,False,True,False,False,False
8.94,4.13,9.5,19.92,22.15,0,False,True,False,False,False
8.84,2.47,9.31,42.03,18.51,0,False,False,False,False,True
3.17,1.73,3.49,21.91,17.78,0,False,False,False,False,True
7.04,1.59,4.88,11.92,7.47,0,False,False,False,False,False
2.53,4.31,4.08,27.38,20.18,0,False,False,True,False,False
7.59,0.98,6.74,42.0,16.85,0,False,False,True,False,False
5.61,0.8,8.25,21.66,18.72,0,False,False,False,False,False
3.0,1.07,5.07,6.64,0.55,0,False,False,False,False,False
4.0,3.13,8.31,19.15,5.24,0,False,True,False,False,False
6.9,4.05,7.68,47.72,30.53,0,False,False,False,False,False
9.06,1.65,8.1,3.6,16.76,0,False,False,False,False,True
1.31,0.87,9.64,20.42,29.72,0,False,False,False,True,False
5.71,1.05,5.97,32.4,6.84,0,False,False,False,False,True
2.54,3.1,5.4,3.93,27.93,0,False,False,False,False,False
8.01,1.23,7.79,17.25,11.56,0,False,False,True,False,False
0.7,4.39,8.65,47.03,28.2,0,False,False,False,False,True
6.89,0.52,4.34,1.53,3.47,0,False,False,True,False,False
1.75,0.16,8.93,37.59,13.35,0,False,False,False,False,True
5.96,0.44,3.4,42.07,4.77,0,False,False,True,False,False
8.36,4.23,3.04,13.85,25.19,0,True,False,False,False,False
7.55,3.26,4.11,10.74,15.7,0,False,False,False,False,True
7.53,4.79,9.85,45.74,2.97,0,False,False,True,False,False
5.18,1.68,6.66,38.2,21.05,0,False,False,False,True,False
8.91,1.06,3.33,5.67,1.0,0,False,True,False,False,False
5.88,2.81,9.98,10.61,32.74,0,False,False,False,False,True
9.18,2.69,8.21,31.07,37.53,0,False,False,False,True,False
5.47,2.96,8.87,20.97,32.4,0,False,True,False,False,False
5.06,1.74,4.49,25.21,38.06,1,False,False,False,False,True
2.22,0.03,3.74,47.58,35.88,0,False,False,False,True,False
5.45,0.18,6.61,21.01,35.8,0,False,False,False,True,False
1.41,3.32,8.41,44.08,9.82,0,True,False,False,False,False
8.7,2.62,7.46,33.04,9.25,0,False,False,False,True,False
6.76,4.11,7.42,6.08,32.38,0,True,False,False,False,False
9.94,1.5,8.3,37.23,19.66,0,False,False,False,False,False
0.92,4.08,4.59,26.01,37.69,0,False,False,True,False,False
2.41,2.13,7.63,11.25,35.89,0,False,True,False,False,False
8.77,0.48,5.74,14.48,35.73,0,False,False,True,False,False
3.95,4.89,3.49,27.87,13.04,0,False,False,True,False,False
4.66,2.56,4.41,30.09,5.32,0,True,False,False,False,False
8.61,3.15,8.56,48.41,27.12,0,False,False,True,False,False
5.22,3.35,9.27,42.74,17.62,0,False,False,False,True,False
1.93,1.81,4.98,10.29,37.36,0,True,False,False,False,False
8.92,3.74,4.33,38.7,34.15,0,False,False,True,False,False
0.31,4.35,3.19,0.41,37.15,0,True,False,False,False,False
8.95,1.94,9.63,6.49,22.71,0,False,False,False,False,False
0.51,3.29,7.79,9.99,21.05,0,True,False,False,False,False
6.66,3.79,9.7,29.86,33.88,0,False,False,False,False,True
0.72,0.95,9.05,9.73,20.48,0,False,False,False,True,False
7.06,1.66,5.38,18.26,36.0,0,False,True,False,False,False
0.34,0.54,3.79,12.14,1.38,0,False,False,False,False,True
8.42,3.01,6.49,16.87,14.35,0,False,False,False,False,True
4.66,4.0,3.19,47.12,33.39,0,False,False,False,False,True
0.93,3.05,4.05,49.87,8.4,0,False,False,True,False,False
7.07,0.9,4.63,34.29,15.96,0,True,False,False,False,False
4.89,2.73,7.66,28.62,0.4,0,True,False,False,False,False
1.91,4.17,6.57,35.42,12.07,0,False,False,True,False,False
0.16,1.51,5.12,38.58,12.75,0,False,False,False,True,False
4.18,4.16,6.95,36.95,29.3,0,False,False,True,False,False
0.86,3.92,3.88,4.09,27.09,0,False,False,True,False,False
0.94,0.11,8.29,15.51,17.8,0,False,False,True,False,False
2.67,1.2,7.98,17.17,29.14,0,False,False,False,True,False
6.3,2.71,4.52,18.46,17.13,0,False,False,False,True,False
5.3,3.59,7.24,17.22,17.38,0,False,False,False,False,False
0.69,4.4,6.52,39.35,25.82,0,False,False,False,False,False
9.68,3.21,3.43,37.38,28.92,0,False,False,False,False,False
8.87,1.9,4.95,0.23,33.88,0,False,False,False,False,False
2.59,0.92,10.0,14.82,30.06,0,True,False,False,False,False
1.22,3.8,3.7,31.18,26.81,0,False,False,False,False,True
9.42,1.03,6.54,6.01,22.46,0,False,False,False,False,True
4.61,3.48,8.95,3.56,12.32,0,False,False,False,False,False
3.11,0.91,5.1,41.42,10.44,0,False,False,False,False,False
4.9,0.46,4.82,22.63,33.73,0,False,True,False,False,False
7.73,1.26,9.24,42.78,28.69,0,False,False,False,False,True
1.68,1.42,5.13,41.18,26.62,0,False,True,False,False,False
7.67,3.24,7.56,44.67,10.35,0,False,True,False,False,False
7.49,0.8,8.18,2.41,38.79,0,False,False,True,False,False
5.39,4.65,8.52,9.31,3.25,0,True,False,False,False,False
8.66,2.77,9.96,14.81,33.53,0,False,False,False,True,False
1.32,2.45,8.62,6.81,8.43,0,False,False,False,False,True
5.95,2.17,7.6,24.27,15.69,0,False,False,False,False,False
4.49,2.83,9.27,39.95,17.12,0,False,False,False,False,False
4.22,0.11,9.34,47.56,26.51,0,False,False,False,True,False
2.53,4.95,9.81,44.48,21.87,0,False,False,False,False,True
3.72,2.79,8.44,22.87,7.44,0,False,False,False,False,False
1.08,0.18,4.36,31.82,1.2,0,False,False,False,False,False
2.52,2.95,7.97,11.53,28.69,0,False,False,True,False,False
2.72,2.19,3.53,20.15,20.2,0,False,True,False,False,False
7.21,0.12,5.23,43.56,14.47,0,False,False,False,False,False
0.49,4.62,3.81,1.46,11.38,0,True,False,False,False,False
6.51,0.05,9.65,26.64,32.92,0,False,False,False,False,True
2.21,2.89,5.37,43.64,31.82,0,True,False,False,False,False
0.82,4.81,7.99,6.1,33.04,0,False,False,False,True,False
3.01,1.19,7.0,49.13,8.76,0,False,False,True,False,False
2.24,1.27,3.75,0.62,34.08,0,False,False,False,False,True
5.52,0.0,6.93,44.31,39.42,0,False,False,True,False,False
3.57,0.33,7.63,17.68,23.97,0,False,True,False,False,False
9.66,0.22,9.17,6.63,1.89,0,False,False,False,False,False
9.64,4.11,3.49,7.87,28.09,0,False,False,False,False,True
4.44,4.18,5.07,35.06,21.52,0,False,False,False,True,False
7.95,3.63,7.85,43.54,28.48,0,False,True,False,False,False
0.13,1.76,3.24,32.05,7.53,0,False,True,False,False,False
5.48,4.11,4.42,46.44,24.23,0,False,False,True,False,False
7.43,2.7,4.53,42.12,21.57,0,False,True,False,False,False
2.17,1.52,7.69,0.45,24.1,0,False,False,False,False,True
0.61,2.19,5.0,33.47,29.11,0,False,False,True,False,False
1.56,0.33,7.2,15.23,21.77,0,False,True,False,False,False
4.42,4.72,9.76,22.73,12.87,0,False,False,False,True,False
5.06,3.1,8.55,4.7,12.36,0,True,False,False,False,False
3.81,3.66,5.33,14.1,27.8,0,False,False,False,False,True
4.4,3.38,6.31,31.63,26.55,0,False,False,False,True,False
4.7,3.34,4.4,10.92,16.88,0,False,False,False,True,False
7.69,0.09,3.11,32.38,14.14,0,False,False,True,False,False
1.05,2.63,5.03,46.15,24.81,0,False,False,False,False,False
7.69,4.11,5.59,0.25,12.49,0,False,False,True,False,False
6.89,0.22,6.95,39.29,38.53,1,False,False,False,False,True
7.42,4.78,9.61,32.07,23.86,0,False,False,False,False,True
7.34,2.12,9.63,2.33,23.68,0,False,False,True,False,False
4.71,1.45,3.49,39.51,5.45,0,False,False,False,False,False
2.11,2.66,7.3,11.23,24.39,0,False,False,True,False,False
5.37,4.01,3.3,13.29,11.8,0,False,False,False,False,True
9.58,2.37,7.54,4.68,18.07,0,False,False,False,False,False
5.89,3.23,3.82,26.72,21.53,0,False,False,False,False,True
0.11,2.5,9.62,24.91,19.12,0,False,False,False,False,False
0.6,3.16,9.05,17.36,32.38,0,False,False,False,False,False
9.93,0.69,3.16,8.44,3.98,0,False,False,True,False,False
0.72,0.19,8.47,41.9,6.69,0,False,False,True,False,False
0.46,0.68,7.45,43.82,6.28,0,False,False,True,False,False
3.53,1.43,6.47,27.03,32.67,0,False,False,False,False,False
9.69,1.27,7.22,12.21,4.73,0,False,False,False,False,False
3.19,3.08,7.75,4.81,38.86,0,False,False,False,False,True
4.1,2.28,9.19,43.43,38.77,0,False,False,False,True,False
6.34,0.19,8.37,4.8,39.67,0,False,False,True,False,False
0.24,0.17,7.03,0.66,39.19,0,True,False,False,False,False
8.98,0.45,8.77,23.47,5.96,0,False,False,False,False,True
5.19,1.77,9.91,36.56,26.3,0,False,False,False,False,True
4.67,0.03,5.1,22.88,15.99,0,False,True,False,False,False
8.61,2.47,3.83,2.57,29.27,0,False,False,True,False,False
9.53,1.8,8.12,34.5,16.24,0,False,False,False,False,True
4.23,2.78,9.85,32.12,15.33,0,False,True,False,False,False
1.72,3.6,3.82,34.08,36.16,0,True,False,False,False,False
8.16,1.25,6.02,10.56,19.78,0,True,False,False,False,False
4.03,0.79,3.44,39.78,29.59,0,False,False,True,False,False
9.36,1.39,8.44,23.96,26.0,0,False,False,False,False,False
9.5,0.01,9.64,26.82,26.31,0,False,True,False,False,False
1.15,0.6,6.49,27.29,13.96,0,False,False,False,False,False
9.57,3.75,5.87,14.34,10.1,0,True,False,False,False,False
3.68,1.11,9.35,12.51,35.42,0,True,False,False,False,False
6.46,4.97,3.93,0.24,0.98,0,False,False,False,True,False
0.35,0.84,9.24,19.83,6.92,0,False,False,False,True,False
8.89,3.94,5.74,24.26,5.31,0,False,False,False,True,False
6.42,3.53,6.92,37.14,37.98,0,False,False,False,True,False
6.44,1.61,6.7,3.33,0.2,0,False,False,False,False,True
9.02,1.65,7.31,46.2,0.32,0,False,False,False,True,False
5.08,2.82,9.59,13.2,9.07,0,False,False,False,False,True
4.11,4.26,9.66,18.34,11.16,0,False,False,False,False,True
8.66,1.93,8.82,2.42,22.39,0,False,False,True,False,False
7.42,0.31,4.34,32.66,38.45,1,False,False,False,False,True
9.49,1.87,5.33,35.45,18.6,0,False,False,False,False,True
9.4,1.04,6.41,46.44,11.55,0,False,False,False,True,False
3.82,4.7,9.34,16.84,32.68,0,False,False,False,False,True
4.47,3.49,6.65,12.87,15.43,0,False,False,False,False,False
2.56,0.25,9.84,36.3,5.67,0,False,False,False,True,False
6.61,1.46,9.89,35.34,31.78,0,False,True,False,False,False
3.65,0.25,7.19,46.86,0.1,0,False,False,False,True,False
7.86,4.15,9.14,10.27,8.2,0,False,False,False,False,True
1.22,4.53,9.99,35.26,25.41,0,False,False,False,False,False
1.16,0.56,8.95,3.34,4.1,0,False,False,False,True,False
2.04,2.2,7.6,24.02,10.23,0,False,False,False,False,False
0.84,4.66,8.92,5.97,15.73,0,False,True,False,False,False
6.2,0.73,3.58,32.66,15.86,0,True,False,False,False,False
1.47,1.46,7.44,30.07,38.91,0,False,True,False,False,False
1.6,1.52,4.52,2.44,27.02,0,True,False,False,False,False
0.14,0.15,3.81,15.98,1.48,0,False,False,True,False,False
7.82,0.18,9.25,19.75,8.85,0,True,False,False,False,False
8.12,4.76,7.48,12.4,24.66,0,False,False,True,False,False
1.62,2.86,4.7,1.93,28.54,0,False,False,False,True,False
7.4,1.53,5.71,15.94,15.22,0,False,False,True,False,False
4.34,1.89,9.81,39.63,34.26,0,False,False,False,False,False
2.4,3.57,9.04,18.01,37.74,0,False,False,True,False,False
6.21,1.83,3.11,16.17,24.56,0,False,False,False,False,False
1.78,1.14,9.86,47.09,22.5,0,True,False,False,False,False
7.57,0.51,5.58,2.08,30.03,0,True,False,False,False,False
0.48,3.64,7.87,38.36,31.28,0,True,False,False,False,False
9.59,0.9,7.99,24.15,8.62,0,False,False,True,False,False
0.72,0.35,9.38,47.22,19.34,0,True,False,False,False,False
5.79,2.13,9.2,19.67,17.9,0,False,False,True,False,False
9.02,0.2,4.97,35.4,37.66,0,False,False,True,False,False
0.12,4.82,7.5,3.5,4.47,0,False,False,False,False,True
4.99,3.14,5.76,46.44,37.74,0,False,False,False,False,True
3.5,0.76,6.68,17.23,22.9,0,False,False,True,False,False
5.8,0.86,6.88,26.2,11.52,0,False,False,False,False,False
2.25,2.85,5.77,6.92,34.77,0,False,False,False,True,False
0.65,1.78,6.25,47.28,2.02,0,False,True,False,False,False
6.26,3.87,4.46,33.65,12.76,0,False,False,False,False,True
4.17,2.73,7.25,2.7,30.1,0,False,False,True,False,False
6.22,2.17,8.31,7.76,33.11,0,False,True,False,False,False
2.11,4.81,6.01,19.99,6.7,0,False,False,False,False,True
3.39,1.95,9.84,10.84,37.67,0,False,False,False,True,False
5.62,2.0,3.4,15.23,2.15,0,False,False,False,False,False
5.93,3.33,7.12,49.87,17.34,0,False,False,True,False,False
3.72,4.05,7.09,32.93,3.9,0,False,False,False,True,False
2.8,3.13,3.25,46.11,3.91,0,False,False,False,False,True
2.74,3.49,4.57,21.79,36.56,0,False,False,True,False,False
1.75,1.86,9.34,35.51,36.16,0,False,True,False,False,False
3.25,2.4,6.81,22.98,24.61,0,True,False,False,False,False
1.99,0.99,6.05,16.41,38.65,0,False,False,False,False,False
6.34,3.4,5.91,25.96,19.64,0,False,False,False,False,True
5.69,1.11,9.22,21.37,31.31,0,False,False,False,False,False
3.83,0.01,5.57,49.03,3.89,0,False,False,True,False,False
3.26,4.67,9.01,24.81,15.82,0,True,False,False,False,False
2.38,1.53,5.16,40.56,20.6,0,False,False,False,True,False
5.35,0.98,6.72,33.34,31.13,0,False,False,False,False,False
9.19,1.34,4.01,23.98,13.38,0,False,True,False,False,False
6.86,1.65,8.78,23.71,39.21,1,False,False,False,False,True
7.44,2.37,8.15,17.09,29.39,0,False,True,False,False,False
8.34,0.35,6.71,5.35,21.32,0,False,False,False,False,False
3.52,0.26,3.18,38.07,13.23,0,True,False,False,False,False
0.63,1.46,6.37,45.9,25.68,0,False,False,False,True,False
6.23,1.48,4.58,10.9,26.92,0,False,False,False,True,False
1.89,0.59,5.89,46.28,27.17,0,False,True,False,False,False
5.69,2.02,8.99,11.62,23.45,0,False,False,True,False,False
7.4,1.42,8.39,26.5,16.02,0,False,False,True,False,False
7.84,0.13,4.69,17.18,32.67,0,True,False,False,False,False
3.02,4.43,9.89,5.73,10.33,0,False,False,False,True,False
5.12,4.43,9.32,2.64,25.02,0,False,True,False,False,False
6.21,1.05,6.7,18.27,18.87,0,False,True,False,False,False
8.19,0.81,6.71,2.37,35.71,0,False,True,False,False,False
7.61,2.74,9.31,5.21,23.62,0,False,False,False,False,False
9.88,3.15,7.45,7.11,34.23,0,True,False,False,False,False
0.08,4.79,6.76,0.1,38.13,0,False,False,True,False,False
4.37,1.89,8.24,7.66,5.08,0,False,False,True,False,False
2.56,3.09,4.65,28.86,22.21,0,False,False,False,False,False
1.2,4.39,9.15,40.98,35.36,0,False,False,False,False,True
9.12,2.25,6.72,9.67,34.88,0,False,False,False,False,False
9.98,0.61,7.22,4.04,7.84,0,True,False,False,False,False
1.81,1.89,3.63,36.48,19.25,0,False,True,False,False,False
0.38,0.68,5.17,0.41,8.92,0,False,False,False,False,False
2.75,0.08,5.99,36.71,35.87,0,False,True,False,False,False
8.35,3.76,5.9,6.56,0.13,0,True,False,False,False,False
2.94,1.19,8.45,11.41,8.74,0,True,False,False,False,False
0.57,0.01,4.98,6.0,16.36,0,False,False,False,True,False
0.52,4.36,4.27,12.37,8.85,0,False,True,False,False,False
4.27,2.22,7.08,39.91,38.94,0,False,False,True,False,False
9.32,1.19,7.31,6.63,9.76,0,False,False,False,False,False
2.86,1.31,3.85,49.71,14.49,0,True,False,False,False,False
4.27,1.2,3.02,16.35,6.96,0,False,True,False,False,False
1.02,0.97,9.42,46.1,37.07,0,False,False,False,False,True
4.94,4.21,3.56,9.5,16.45,0,False,False,False,True,False
6.97,0.85,9.29,9.39,10.47,0,False,False,False,False,True
2.71,2.81,5.79,28.27,9.84,0,True,False,False,False,False
2.97,0.39,7.57,2.53,23.42,0,False,False,False,False,True
8.42,4.75,4.3,40.05,39.11,1,False,False,False,False,True
0.1,3.02,8.77,21.98,38.97,0,False,False,False,True,False
6.36,4.52,4.26,34.96,39.27,0,False,False,False,True,False
3.94,1.99,5.71,8.73,15.47,0,False,False,False,True,False
2.98,4.05,4.67,32.12,36.58,0,False,False,False,True,False
6.58,4.27,8.86,29.7,17.78,0,False,False,False,False,True
8.35,3.51,9.01,37.78,20.42,0,False,False,True,False,False
5.58,0.46,5.6,14.87,20.8,0,False,False,True,False,False
0.31,0.08,5.15,46.66,2.54,0,False,False,False,True,False
4.61,0.84,8.41,48.07,7.08,0,False,False,False,False,False
4.63,0.59,9.15,43.41,35.44,0,False,True,False,False,False
5.44,3.63,7.37,28.6,35.85,1,True,False,False,False,False
6.71,2.79,9.49,21.01,8.08,0,False,False,False,False,False
0.19,2.63,5.68,2.9,12.11,0,True,False,False,False,False
5.02,1.26,4.06,47.36,33.19,0,False,False,False,False,False
5.88,0.77,4.26,47.59,8.17,0,False,False,False,False,False
3.43,1.03,7.69,0.93,35.23,0,False,False,True,False,False
6.68,2.0,5.85,17.84,32.93,0,False,True,False,False,False
2.28,3.7,4.09,44.0,32.3,0,False,False,False,False,False
3.17,1.27,5.05,4.04,35.67,0,False,False,False,True,False
9.63,3.49,6.71,9.83,35.48,1,True,False,False,False,False
3.48,2.46,3.85,48.93,36.69,0,False,False,True,False,False
3.47,4.43,3.02,42.36,35.18,0,True,False,False,False,False
5.96,1.16,9.42,45.6,24.28,0,False,False,False,True,False
9.71,2.25,5.13,7.11,6.31,0,False,False,False,True,False
9.83,0.48,4.55,10.57,24.37,0,False,False,False,False,False
5.8,1.68,7.89,30.27,37.69,0,False,False,False,True,False
0.01,2.53,8.97,25.09,38.71,0,False,True,False,False,False
9.01,3.66,7.43,14.93,29.14,0,False,False,False,True,False
5.7,0.99,4.78,44.19,27.75,0,False,False,False,False,False
3.66,1.09,9.03,45.07,37.54,0,True,False,False,False,False
8.29,3.16,6.57,14.58,11.65,0,False,False,False,True,False
4.0,1.91,5.67,7.79,6.04,0,False,False,True,False,False
0.34,2.41,7.23,7.45,11.6,0,False,False,True,False,False
8.21,4.18,7.9,24.22,37.96,0,False,False,True,False,False
5.46,2.5,7.16,6.65,8.49,0,True,False,False,False,False
3.38,3.26,9.44,23.67,8.99,0,False,False,False,False,True
2.51,3.28,7.4,23.1,7.72,0,False,False,True,False,False
5.94,4.02,9.15,44.21,19.39,0,False,False,True,False,False
2.08,3.19,7.11,14.81,31.86,0,False,False,False,False,True
3.24,0.32,5.31,28.03,15.27,0,True,False,False,False,False
6.37,1.71,6.73,37.17,4.0,0,False,False,True,False,False
8.82,4.95,3.6,29.8,29.61,0,False,False,False,False,False
5.33,0.98,4.61,47.7,24.39,0,True,False,False,False,False
7.59,2.93,8.36,30.11,19.17,0,False,False,True,False,False
7.63,4.21,7.63,45.09,38.56,0,False,False,True,False,False
6.64,2.93,4.17,12.25,18.82,0,False,False,False,False,True
2.46,1.86,6.07,28.04,29.3,0,False,False,False,False,False
8.67,0.4,3.99,27.17,6.34,0,True,False,False,False,False
4.36,1.81,8.99,49.47,16.66,0,False,False,False,True,False
0.44,0.91,3.76,10.23,8.49,0,False,True,False,False,False
2.45,4.8,7.58,7.05,13.93,0,False,False,False,False,False
7.66,3.58,7.25,30.58,19.19,0,False,False,False,True,False
0.69,3.75,6.31,11.18,6.98,0,False,False,False,False,False
1.47,2.18,4.95,31.96,32.12,0,False,False,False,True,False
6.94,0.55,5.83,48.62,15.04,0,False,False,False,True,False
8.93,1.33,8.64,47.33,35.86,1,False,False,False,False,False
6.34,1.3,8.33,11.56,26.99,0,False,False,False,False,True
2.22,2.43,8.17,8.54,7.06,0,False,False,False,False,False
0.53,2.3,8.25,28.04,25.68,0,False,False,False,False,False
6.15,2.17,4.01,29.34,0.93,0,False,False,False,True,False
0.47,2.48,3.69,33.11,32.3,0,False,True,False,False,False
6.13,4.94,9.03,37.07,38.97,0,False,False,False,True,False
2.26,1.49,8.86,30.05,27.11,0,False,False,True,False,False
9.05,3.08,7.77,5.59,37.06,1,False,False,False,False,False
4.75,1.2,7.24,39.51,11.79,0,True,False,False,False,False
2.24,2.33,5.57,3.98,16.94,0,False,False,False,False,False
8.53,1.0,4.57,1.0,16.98,0,False,False,False,False,True
2.54,2.79,7.67,38.48,4.48,0,True,False,False,False,False
3.07,1.33,9.39,27.42,31.86,0,False,False,False,True,False
8.34,0.18,6.06,34.93,19.8,0,False,False,False,False,True
3.09,4.08,5.12,19.14,19.62,0,False,False,False,False,False
4.1,0.64,4.9,0.55,26.74,0,False,False,False,True,False
3.48,1.84,3.17,16.55,6.84,0,False,False,False,True,False
1.16,2.39,6.64,30.41,32.41,0,False,False,True,False,False
0.39,2.16,9.92,11.29,14.63,0,False,False,True,False,False
7.25,3.63,8.71,34.39,3.19,0,False,True,False,False,False
6.45,2.98,9.28,39.72,7.61,0,False,False,True,False,False
2.82,1.48,7.35,22.71,10.11,0,True,False,False,False,False
2.96,0.26,6.37,43.79,7.12,0,False,False,False,True,False
9.45,3.84,9.93,42.74,9.69,0,False,False,True,False,False
9.88,1.76,6.13,43.9,39.83,0,False,True,False,False,False
4.73,4.45,9.42,33.05,21.51,0,False,False,False,False,False
8.02,1.98,8.33,15.24,24.12,0,True,False,False,False,False
7.37,3.59,5.32,24.06,6.64,0,False,False,True,False,False
2.97,4.7,6.52,35.53,1.76,0,False,False,False,True,False
0.59,3.26,5.69,10.53,12.41,0,False,False,False,False,False
1.43,2.07,3.95,36.94,30.79,0,False,False,False,True,False
8.38,2.84,5.5,27.4,22.35,0,False,False,False,False,False
7.31,2.72,9.22,4.8,0.43,0,True,False,False,False,False
6.64,2.92,8.27,27.86,31.55,0,False,False,False,True,False
1.31,0.73,4.94,3.34,4.16,0,False,False,True,False,False
6.4,3.49,5.58,0.72,17.62,0,False,False,True,False,False
7.72,0.73,7.32,44.48,39.98,0,False,True,False,False,False
8.61,0.07,5.91,24.5,4.85,0,False,False,False,False,False
0.13,3.12,6.52,27.16,32.6,0,False,True,False,False,False
6.84,0.58,7.89,14.0,31.97,0,False,False,False,False,True
0.19,3.85,6.27,27.14,17.8,0,False,False,True,False,False
7.07,4.33,4.34,8.44,39.53,1,False,False,False,False,False
6.36,4.72,6.64,37.28,12.32,0,True,False,False,False,False
1.48,3.32,5.49,41.17,12.63,0,False,True,False,False,False
7.66,2.41,5.04,42.79,6.1,0,True,False,False,False,False
0.68,1.76,5.3,5.33,14.79,0,True,False,False,False,False
8.26,2.45,6.07,27.89,11.86,0,True,False,False,False,False
2.62,0.95,9.21,40.44,24.18,0,False,True,False,False,False
6.89,1.74,8.14,6.41,1.63,0,False,False,False,False,True
9.24,3.59,7.68,4.98,12.41,0,False,True,False,False,False
3.4,1.09,6.3,40.85,0.19,0,False,False,False,True,False
5.03,1.32,3.01,39.84,0.25,0,False,False,True,False,False
4.63,3.75,5.38,22.43,32.81,0,False,True,False,False,False
1.58,0.89,8.69,5.49,29.99,0,False,True,False,False,False
5.9,1.23,5.72,25.81,29.77,0,False,False,False,False,True
7.43,0.09,6.95,19.74,14.15,0,False,False,False,True,False
9.17,3.6,4.43,25.93,27.97,0,False,True,False,False,False
8.51,3.09,9.41,21.99,10.26,0,False,False,True,False,False
5.1,3.47,9.46,28.43,12.38,0,False,False,True,False,False
7.19,1.07,4.02,36.36,22.5,0,False,True,False,False,False
8.01,3.44,8.07,38.74,27.98,0,True,False,False,False,False
4.93,2.98,3.53,32.45,10.63,0,True,False,False,False,False
1.15,1.83,7.19,9.95,27.17,0,False,False,False,True,False
4.38,2.19,4.25,19.86,38.5,0,False,False,True,False,False
8.42,2.84,4.02,3.56,19.75,0,True,False,False,False,False
5.97,2.47,3.03,22.58,16.28,0,False,False,True,False,False
7.24,3.21,9.59,48.52,9.3,0,False,False,False,True,False
1.85,0.9,8.8,32.09,14.25,0,False,False,False,True,False
9.64,2.7,3.54,7.73,21.15,0,True,False,False,False,False
4.04,2.25,7.2,13.43,37.76,0,False,True,False,False,False
6.54,2.31,4.63,3.23,10.43,0,False,False,False,False,False
0.19,2.35,4.85,9.12,9.26,0,False,False,False,False,True
1.27,4.41,9.12,24.39,38.42,0,False,False,False,False,False
7.82,4.09,3.8,17.24,24.23,0,False,False,False,False,False
9.68,3.15,7.21,10.2,29.41,0,False,False,True,False,False
3.2,3.58,5.81,7.33,33.19,0,False,False,False,True,False
0.37,0.21,4.34,32.8,3.27,0,False,False,True,False,False
3.61,3.72,6.16,27.91,19.39,0,True,False,False,False,False
0.17,2.43,9.58,42.13,5.6,0,False,False,False,False,True
1.92,1.59,8.47,9.16,24.97,0,True,False,False,False,False
7.52,0.7,3.92,42.4,38.15,0,False,True,False,False,False
9.37,0.38,8.95,28.9,2.25,0,False,False,False,False,True
0.87,0.22,9.56,13.31,10.96,0,False,False,True,False,False
5.58,0.81,4.94,13.68,39.99,0,False,False,True,False,False
2.54,0.15,5.33,19.52,0.22,0,True,False,False,False,False
1.39,3.66,3.88,23.01,5.58,0,False,False,True,False,False
2.19,1.24,5.41,4.13,3.23,0,False,False,True,False,False
5.78,1.84,7.71,42.1,30.56,0,False,False,False,False,False
0.65,4.11,4.91,6.08,30.04,0,False,True,False,False,False
4.34,0.57,3.05,24.17,31.1,0,False,False,False,False,False
1.35,4.18,5.37,19.15,30.99,0,False,False,True,False,False
2.73,3.2,6.17,25.61,33.41,0,False,False,False,True,False
1.91,1.71,6.96,44.37,30.92,0,False,False,False,False,False
8.83,0.59,7.79,49.45,19.34,0,False,False,True,False,False
7.08,0.46,3.43,1.01,29.82,0,False,False,True,False,False
8.68,1.68,6.29,19.66,23.9,0,False,True,False,False,False
3.83,0.7,4.86,40.88,14.66,0,True,False,False,False,False
3.13,1.34,9.64,16.33,33.46,0,False,False,False,False,True
3.81,0.26,5.52,32.45,31.52,0,False,False,False,False,False
0.19,2.98,3.7,49.61,6.94,0,False,False,False,False,False
7.25,0.73,3.29,32.34,0.98,0,False,False,False,False,False
3.5,3.78,4.86,5.56,12.64,0,False,False,True,False,False
3.13,1.09,4.25,42.15,16.15,0,False,True,False,False,False
5.98,3.99,7.55,48.33,6.97,0,False,False,True,False,False
4.36,0.95,8.93,35.63,34.21,0,False,False,True,False,False
9.81,3.61,5.19,20.95,1.34,0,True,False,False,False,False
3.56,1.67,7.04,47.42,19.34,0,False,False,False,True,False
6.14,2.92,8.11,48.43,2.22,0,False,True,False,False,False
3.12,0.19,5.79,46.76,21.47,0,False,False,False,False,False
9.91,2.48,3.46,20.59,18.55,0,False,False,False,False,True
4.45,0.74,4.6,39.49,31.21,0,False,False,False,False,False
6.34,2.43,9.18,32.71,27.59,0,False,False,True,False,False
1.27,0.71,8.77,8.99,33.76,0,False,True,False,False,False
7.33,2.19,3.61,26.78,21.77,0,False,True,False,False,False
2.69,0.55,4.57,37.38,32.9,0,False,True,False,False,False
4.49,1.1,8.38,44.8,28.77,0,False,False,False,True,False
8.83,2.98,6.4,43.13,31.18,0,False,False,False,False,False
9.71,4.88,8.32,7.73,24.03,0,False,False,False,True,False
4.25,2.25,4.48,24.4,28.78,0,True,False,False,False,False
8.35,3.44,9.67,23.91,16.07,0,False,False,False,False,True
0.53,2.7,8.49,44.94,3.4,0,True,False,False,False,False
8.48,2.49,4.38,0.1,16.66,0,False,False,True,False,False
6.3,0.32,6.91,36.94,6.94,0,False,False,False,True,False
4.89,0.72,3.79,30.93,25.18,0,False,False,False,True,False
8.9,4.42,5.53,46.08,10.53,0,True,False,False,False,False
8.45,2.05,7.62,22.85,38.33,0,False,False,True,False,False
2.97,3.07,5.31,32.88,10.85,0,False,True,False,False,False
7.91,2.64,7.6,48.64,3.93,0,False,False,True,False,False
0.99,1.89,4.71,37.2,35.22,0,False,False,False,False,False
8.23,1.94,8.05,3.37,16.58,0,True,False,False,False,False
6.75,2.78,5.52,8.38,14.23,0,False,False,True,False,False
0.88,0.71,8.53,41.07,35.42,0,False,True,False,False,False
6.83,1.94,3.96,16.74,26.14,0,False,False,True,False,False
5.81,2.23,5.53,35.3,21.29,0,False,False,False,True,False
5.95,4.93,6.25,34.99,13.09,0,False,False,False,False,True
2.91,1.76,5.97,49.69,11.7,0,False,False,False,True,False
2.66,3.22,6.03,23.49,23.18,0,False,False,False,False,True
7.63,0.69,6.11,36.89,20.06,0,False,False,True,False,False
2.57,0.33,9.92,2.44,11.04,0,False,False,False,False,False
4.46,4.36,4.35,23.13,7.36,0,False,False,True,False,False
6.95,3.65,8.38,9.33,32.72,0,False,True,False,False,False
0.8,1.59,6.86,42.03,27.51,0,False,False,True,False,False
5.95,2.52,5.9,42.0,39.73,1,False,False,False,False,True
5.89,0.68,7.43,11.82,20.63,0,False,False,False,True,False
6.84,3.54,8.97,15.91,39.78,1,False,False,False,False,False
3.7,0.35,6.27,35.12,18.43,0,False,False,True,False,False
4.49,3.79,9.05,36.91,21.4,0,False,False,True,False,False
3.3,2.73,3.66,32.88,8.36,0,False,False,False,True,False
8.08,1.39,7.57,49.83,5.98,0,False,False,False,False,False
1.31,4.31,5.33,43.43,37.61,0,True,False,False,False,False
9.63,4.93,5.71,20.85,39.25,0,False,False,True,False,False
6.35,1.27,7.0,16.35,21.9,0,False,False,True,False,False
8.87,4.03,6.36,29.84,10.89,0,True,False,False,False,False
4.26,3.75,5.67,40.88,38.06,0,False,False,False,False,True
3.32,3.74,5.16,23.77,31.87,0,False,False,False,False,True
9.01,4.79,7.33,36.88,7.19,0,False,True,False,False,False
0.99,2.43,6.54,0.96,11.93,0,False,False,False,True,False
1.17,3.37,5.26,46.29,0.17,0,False,False,False,False,False
2.99,4.12,4.43,38.69,23.28,0,False,False,True,False,False
9.6,2.4,8.42,19.71,21.06,0,False,False,True,False,False
6.33,2.41,8.6,19.2,6.56,0,False,True,False,False,False
5.54,1.59,4.5,5.14,13.57,0,False,False,True,False,False
7.05,3.9,4.83,40.81,37.57,0,False,False,False,True,False
4.17,3.43,4.67,38.43,25.96,0,False,True,False,False,False
7.58,2.26,9.19,31.51,34.52,0,False,False,False,True,False
3.93,2.1,8.42,5.07,33.53,0,False,True,False,False,False
8.26,0.36,3.52,13.12,36.83,0,False,False,True,False,False
2.67,0.03,8.83,22.95,1.66,0,False,True,False,False,False
2.78,2.64,3.26,13.3,10.5,0,False,False,False,False,True
5.22,2.09,4.77,21.7,16.62,0,False,False,False,False,False
4.31,3.98,9.43,11.3,25.6,0,False,False,True,False,False
6.48,2.71,9.05,17.48,24.33,0,True,False,False,False,False
3.64,4.68,8.47,32.61,9.84,0,False,False,False,False,False
2.31,0.98,6.2,44.62,7.71,0,False,False,True,False,False
4.7,4.95,5.25,19.25,17.5,0,False,False,False,False,False
5.61,1.49,9.17,34.6,10.02,0,False,False,False,False,True
1.43,3.21,7.6,6.74,38.6,0,False,False,False,False,False
5.57,2.51,5.07,27.04,38.62,0,False,True,False,False,False
3.19,1.8,6.24,46.09,4.53,0,False,False,False,False,False
3.92,0.7,9.17,1.4,28.2,0,False,False,True,False,False
2.79,0.67,9.32,13.38,9.13,0,True,False,False,False,False
9.31,3.56,7.62,6.62,28.7,0,True,False,False,False,False
6.83,1.89,8.13,26.66,30.68,0,False,False,False,True,False
2.62,4.81,3.28,33.98,1.93,0,False,False,False,False,False
6.45,1.63,7.23,2.89,27.81,0,True,False,False,False,False
8.49,4.92,7.82,3.51,35.87,1,False,False,False,False,False
4.02,1.03,3.14,43.48,8.65,0,True,False,False,False,False
8.3,0.51,8.91,22.81,4.62,0,False,False,False,False,False
1.54,1.56,9.5,23.15,22.67,0,False,False,True,False,False
8.23,4.43,4.67,47.23,20.7,0,False,False,False,False,False
5.4,2.61,8.92,16.01,35.43,0,False,False,True,False,False
2.23,0.68,7.66,44.85,18.04,0,False,False,True,False,False
4.07,1.01,7.06,48.71,16.54,0,False,False,False,True,False
9.88,1.56,8.9,12.08,28.56,0,True,False,False,False,False
7.84,2.95,5.0,25.7,3.1,0,False,True,False,False,False
5.75,1.66,8.54,26.72,2.28,0,False,False,True,False,False
1.15,3.74,5.2,43.31,20.2,0,True,False,False,False,False
4.18,3.08,8.51,15.2,3.56,0,False,False,False,False,True
2.63,4.37,6.16,39.9,37.57,0,False,False,False,False,False
0.71,2.5,3.82,48.55,26.17,0,False,False,False,False,True
5.42,1.66,5.67,42.02,30.15,0,False,False,False,False,False
8.89,4.98,4.63,45.46,9.15,0,False,False,False,True,False
6.76,1.78,3.7,35.42,19.76,0,False,False,True,False,False
2.5,2.14,3.77,45.2,5.35,0,False,True,False,False,False
5.74,4.05,8.46,8.24,8.12,0,False,False,True,False,False
9.43,0.44,9.17,35.62,22.73,0,False,False,False,False,False
7.23,1.93,9.49,36.59,11.2,0,False,True,False,False,False
6.89,0.43,8.98,21.96,36.69,0,False,False,True,False,False
9.68,0.7,8.81,3.99,39.81,0,False,True,False,False,False
7.99,0.02,3.48,31.12,0.16,0,False,False,False,False,False
1.37,0.05,8.53,2.59,30.36,0,False,False,False,True,False
3.48,1.9,8.48,19.12,4.61,0,False,False,False,True,False
9.65,4.05,3.92,19.68,22.98,0,False,False,True,False,False
4.9,2.94,7.63,49.95,9.14,0,False,False,False,False,True
1.12,3.17,6.17,14.99,38.59,0,False,False,False,False,False
4.59,2.6,9.3,41.02,35.03,0,False,False,True,False,False
6.97,4.1,7.87,2.66,23.82,0,False,False,True,False,False
9.98,4.4,9.66,26.49,7.04,0,False,False,False,True,False
3.24,4.25,3.73,26.83,31.31,0,False,True,False,False,False
5.14,4.06,3.28,31.44,20.81,0,False,False,False,False,False
8.8,0.91,9.82,40.5,24.46,0,False,True,False,False,False
3.55,2.97,3.56,38.1,28.72,0,True,False,False,False,False
1.09,2.91,5.7,38.05,16.65,0,True,False,False,False,False
9.49,2.64,7.55,21.61,0.31,0,False,False,False,False,False
4.88,2.4,9.16,36.37,14.57,0,False,False,False,False,True
5.03,0.45,4.78,24.57,16.55,0,True,False,False,False,False
6.21,0.51,3.2,3.35,14.68,0,False,False,False,True,False
0.04,4.51,6.65,44.51,33.24,0,False,False,False,False,True
9.31,3.15,6.3,44.51,13.29,0,False,False,True,False,False
3.61,1.31,5.15,16.14,16.65,0,True,False,False,False,False
3.97,1.4,9.12,45.7,2.46,0,False,False,False,True,False
1.74,3.05,8.25,37.9,28.67,0,False,False,True,False,False
3.78,2.03,9.01,20.04,8.62,0,False,False,False,False,True
8.04,2.21,4.13,16.58,9.4,0,False,False,False,False,False
8.0,0.3,7.85,48.76,23.47,0,False,False,True,False,False
9.36,0.69,9.83,35.63,39.34,0,False,True,False,False,False
4.03,1.97,7.28,18.94,16.41,0,False,False,False,False,False
7.09,3.5,4.2,32.1,13.09,0,False,False,False,False,False
5.07,0.24,9.97,28.58,1.45,0,False,False,False,False,True
8.04,1.67,6.7,26.23,31.49,0,False,False,False,False,True
7.13,3.48,8.88,32.24,10.45,0,False,False,False,True,False
3.68,3.96,4.05,26.88,30.75,0,False,False,False,True,False
3.37,0.95,7.66,32.74,11.29,0,False,True,False,False,False
2.52,3.66,9.39,45.38,1.2,0,False,False,False,False,False
5.77,4.78,6.72,49.66,19.93,0,False,True,False,False,False
9.64,4.53,5.02,35.46,36.24,0,False,True,False,False,False
2.0,3.95,3.89,46.39,8.42,0,False,False,False,False,True
0.95,3.56,5.07,42.92,6.16,0,False,True,False,False,False
1.19,1.18,5.48,14.75,7.39,0,False,True,False,False,False
7.83,3.17,7.97,46.65,27.61,0,False,False,True,False,False
3.5,3.22,4.25,3.54,14.7,0,False,False,False,True,False
2.24,2.03,3.74,16.5,10.24,0,False,False,False,True,False
3.53,2.47,5.71,32.0,13.51,0,False,False,False,False,False
6.45,3.47,6.21,26.35,12.36,0,False,False,False,True,False
5.47,4.76,7.4,27.12,21.75,0,True,False,False,False,False
7.44,1.48,7.95,39.74,5.33,0,False,False,False,False,False
3.39,1.23,9.22,9.74,20.35,0,False,False,True,False,False
4.52,3.01,5.02,49.1,12.47,0,False,False,False,True,False
1.02,0.65,6.7,21.87,37.31,0,False,False,True,False,False
0.73,2.91,5.56,47.49,16.87,0,False,False,False,True,False
4.62,0.44,3.01,19.16,4.0,0,False,False,False,True,False
3.02,2.45,7.06,30.09,37.34,0,False,False,True,False,False
6.13,3.1,8.71,22.52,37.5,0,False,True,False,False,False
0.43,0.35,3.26,33.8,7.02,0,False,True,False,False,False
1.22,1.03,3.02,9.18,32.66,0,False,True,False,False,False
8.65,1.68,8.09,20.03,34.48,0,True,False,False,False,False
5.66,1.84,7.79,3.42,14.22,0,False,True,False,False,False
7.12,3.38,5.84,29.91,6.38,0,False,False,False,True,False
8.42,2.65,7.63,48.13,31.94,0,False,False,False,False,True
4.64,1.91,9.67,2.3,1.13,0,False,False,True,False,False
7.61,2.25,4.74,32.98,24.78,0,False,False,False,False,True
5.25,0.06,4.72,38.75,13.68,0,True,False,False,False,False
2.23,3.85,4.3,10.66,23.84,0,False,False,False,False,True
3.38,0.21,8.07,13.65,31.55,0,False,False,False,False,False
4.9,4.15,5.47,10.08,33.15,0,False,True,False,False,False
3.17,2.7,9.92,14.87,39.94,0,True,False,False,False,False
3.36,2.64,8.0,5.5,25.61,0,False,False,False,True,False
3.37,3.52,5.57,18.52,8.94,0,False,True,False,False,False
1.23,4.3,4.04,18.45,11.04,0,False,True,False,False,False
0.85,4.71,7.14,40.36,17.45,0,False,False,False,False,True
0.46,2.72,5.06,40.05,33.94,0,False,False,False,False,False
1.11,0.75,9.34,39.84,14.67,0,False,True,False,False,False
3.44,4.39,6.09,28.35,27.53,0,False,False,True,False,False
5.94,0.2,5.05,16.29,1.8,0,False,False,True,False,False
1.88,4.04,7.12,20.55,17.2,0,False,True,False,False,False
8.88,3.4,3.96,15.89,6.68,0,False,False,False,False,True
8.08,4.52,6.93,29.1,37.54,1,False,False,False,False,True
5.21,4.49,3.39,46.9,31.66,0,False,False,False,True,False
7.24,0.27,7.25,14.22,5.55,0,True,False,False,False,False
3.66,3.05,6.71,22.94,16.07,0,True,False,False,False,False
0.37,0.62,6.65,32.76,3.22,0,True,False,False,False,False
9.04,0.39,7.79,42.23,29.86,0,False,False,False,False,False
1.28,2.24,3.31,12.67,7.65,0,False,False,False,False,True
9.48,0.49,6.22,14.01,32.17,0,False,False,False,True,False
5.72,3.64,6.11,44.26,2.96,0,False,False,True,False,False
3.06,4.84,6.22,4.01,22.92,0,True,False,False,False,False
4.96,2.85,9.86,30.27,24.33,0,False,False,True,False,False
5.02,1.18,3.97,43.02,13.37,0,False,False,True,False,False
0.23,4.22,7.83,46.09,6.57,0,False,True,False,False,False
3.55,4.27,5.81,0.63,12.95,0,False,False,False,False,False
7.4,3.66,6.58,18.48,19.82,0,False,False,False,True,False
5.1,3.08,8.34,12.86,38.76,1,False,False,False,False,False
2.44,4.34,4.1,28.4,17.88,0,False,True,False,False,False
3.35,0.82,8.35,31.64,7.58,0,False,False,False,True,False
8.63,4.66,3.49,49.99,1.04,0,False,False,False,True,False
5.26,4.74,6.38,25.64,0.33,0,False,False,False,False,True
5.28,4.36,8.19,27.57,16.67,0,False,False,False,False,False
9.61,1.25,4.35,20.72,11.85,0,False,False,False,False,False
3.21,4.29,8.4,7.38,4.6,0,False,False,False,False,True
4.8,2.49,4.17,15.17,6.89,0,False,False,True,False,False
8.12,2.97,8.59,12.35,14.0,0,False,True,False,False,False
7.59,4.2,6.28,40.06,27.47,0,False,False,False,False,False
2.66,0.15,7.79,27.29,24.38,0,False,False,False,False,True
1.51,1.81,9.42,14.81,3.2,0,False,False,False,True,False
7.01,4.08,5.86,24.45,5.72,0,True,False,False,False,False
2.58,4.07,4.63,10.94,36.34,0,False,False,False,False,True
9.23,4.24,9.07,9.26,2.84,0,True,False,False,False,False
1.29,0.85,4.13,43.0,7.95,0,False,False,True,False,False
3.18,3.53,7.42,47.24,12.72,0,False,True,False,False,False
0.55,0.73,9.46,4.0,9.2,0,True,False,False,False,False
7.03,3.93,7.72,38.24,11.63,0,False,False,True,False,False
8.91,1.23,4.37,22.67,29.11,0,True,False,False,False,False
6.36,3.69,4.07,19.45,3.8,0,False,False,False,True,False
9.38,2.28,4.77,34.47,14.09,0,False,False,False,True,False
1.29,4.93,5.74,13.31,24.47,0,False,False,False,True,False
0.88,2.9,4.11,1.03,1.95,0,False,False,False,True,False
8.38,3.16,8.58,10.7,1.77,0,False,False,False,False,True
8.56,1.84,5.5,9.25,19.94,0,False,False,False,True,False
8.31,3.67,9.55,1.7,35.99,0,False,False,False,True,False
7.99,2.47,8.9,16.07,17.79,0,False,False,False,False,True
3.62,0.09,9.36,23.73,16.27,0,False,False,False,True,False
2.17,3.04,5.06,36.79,0.41,0,False,False,True,False,False
9.29,4.15,7.02,16.28,29.31,0,False,False,True,False,False
3.07,1.18,5.25,9.73,6.56,0,False,False,False,False,False
3.98,1.11,4.8,11.53,27.94,0,False,False,True,False,False
7.0,3.04,7.25,44.56,13.94,0,False,True,False,False,False
2.93,4.09,8.73,10.24,1.8,0,False,True,False,False,False
8.19,1.25,3.66,43.96,13.12,0,False,True,False,False,False
0.7,4.66,4.93,22.35,26.38,0,False,False,False,False,True
7.91,4.64,4.44,46.72,30.73,0,False,False,True,False,False
6.02,1.0,8.59,20.4,25.42,0,False,True,False,False,False
5.73,1.32,9.53,8.88,28.44,0,False,False,False,False,False
4.58,3.5,3.56,27.45,9.44,0,False,False,False,False,True
2.77,4.76,5.65,29.39,38.61,0,False,False,False,False,False
4.64,3.55,9.4,31.77,9.08,0,False,False,True,False,False
4.5,2.22,5.41,20.57,6.8,0,False,False,False,True,False
5.84,0.85,7.99,2.43,9.99,0,False,False,False,False,False
2.82,2.31,3.7,31.34,38.88,0,False,False,False,True,False
0.78,3.03,6.11,46.65,2.6,0,False,False,False,False,True
1.45,1.65,6.52,47.88,30.94,0,False,False,False,False,False
6.99,2.55,8.3,29.84,4.21,0,False,False,False,False,False
0.22,0.65,5.02,0.99,30.93,0,True,False,False,False,False
8.56,2.26,4.85,5.3,11.08,0,False,False,False,False,True
6.94,0.45,5.12,41.7,29.06,0,False,False,False,False,True
7.68,0.25,6.89,41.49,1.96,0,False,True,False,False,False
8.36,4.29,9.13,47.3,13.38,0,False,False,True,False,False
1.23,1.03,8.82,28.19,18.58,0,False,False,False,False,False
8.22,2.88,3.41,43.19,0.83,0,False,False,False,False,False
5.05,0.74,9.15,41.24,7.23,0,False,False,False,False,True
8.86,1.31,3.67,29.47,6.75,0,False,False,False,False,True
8.87,1.81,5.91,39.18,19.26,0,False,False,True,False,False
0.24,0.72,8.36,6.29,5.33,0,False,False,False,False,True
3.83,0.23,3.57,31.96,39.09,0,False,False,False,True,False
5.26,4.39,3.28,47.67,35.48,0,False,False,False,True,False
6.78,0.06,5.31,8.1,8.97,0,True,False,False,False,False
2.86,0.31,8.11,37.2,9.37,0,False,False,False,True,False
2.52,4.03,6.65,16.04,37.9,0,False,False,False,True,False
3.81,1.41,5.92,40.86,11.98,0,False,False,True,False,False
5.01,3.61,8.69,34.86,16.93,0,False,False,False,False,False
9.51,0.73,8.37,46.31,28.06,0,False,False,False,True,False
7.62,1.19,8.5,35.6,13.76,0,True,False,False,False,False
4.29,2.86,6.22,20.52,36.1,0,False,False,False,False,True
0.54,4.94,3.14,0.54,23.56,0,False,False,False,True,False
1.69,0.37,4.2,39.65,22.69,0,True,False,False,False,False
4.56,2.0,8.19,20.42,22.17,0,False,False,True,False,False
8.14,0.22,8.27,33.53,4.48,0,False,False,False,False,True
3.81,1.0,9.81,5.25,31.62,0,True,False,False,False,False
5.38,4.54,4.33,44.55,22.88,0,False,False,False,True,False
8.92,0.48,3.86,21.78,2.14,0,False,False,False,False,False
9.14,4.28,3.97,45.98,34.01,0,False,False,False,False,True
2.16,0.89,4.29,35.35,29.18,0,False,False,False,False,True
0.44,4.31,6.7,6.07,11.56,0,False,False,False,False,False
3.05,2.69,9.83,28.96,11.44,0,False,False,False,False,True
6.96,4.39,7.13,45.5,20.19,0,False,False,False,True,False
9.51,0.76,6.66,40.0,0.29,0,False,False,False,False,True
0.77,3.81,7.71,20.9,32.38,0,False,False,False,True,False
0.28,3.4,3.52,47.75,37.68,0,False,False,False,False,False
8.84,2.71,8.71,13.43,17.86,0,False,True,False,False,False
7.48,4.05,7.53,18.76,21.46,0,False,False,False,False,False
9.92,3.24,4.2,37.49,32.39,0,False,False,False,True,False
3.97,4.39,7.42,11.65,11.1,0,False,False,True,False,False
4.16,1.91,7.17,25.77,19.67,0,False,False,False,False,False
1.72,2.95,3.45,36.44,4.44,0,False,False,True,False,False
1.16,4.35,4.87,32.2,28.08,0,False,False,True,False,False
5.79,1.07,5.74,7.77,31.71,0,False,False,False,True,False
3.64,2.43,4.71,31.48,2.68,0,False,False,False,True,False
0.8,4.8,4.7,28.64,35.3,0,False,True,False,False,False
8.87,2.37,7.01,27.89,14.98,0,True,False,False,False,False
1.98,1.26,6.3,41.3,36.89,0,False,False,False,False,True
7.49,1.76,7.67,9.19,36.01,1,False,False,False,False,False
2.82,4.43,9.69,37.58,31.64,0,False,False,False,True,False
8.13,4.77,7.62,38.05,33.21,0,False,False,False,False,False
1.18,4.75,7.07,36.13,11.57,0,True,False,False,False,False
7.56,3.49,8.93,25.3,14.69,0,True,False,False,False,False
0.98,2.55,7.42,19.78,9.6,0,False,False,True,False,False
